#-----------------------------------------------------------
# Vivado v2024.2 (64-bit)
# SW Build 5239630 on Fri Nov 08 22:35:27 MST 2024
# IP Build 5239520 on Sun Nov 10 16:12:51 MST 2024
# SharedData Build 5239561 on Fri Nov 08 14:39:27 MST 2024
# Start of session at: Thu Jan 29 17:33:19 2026
# Process ID         : 2808
# Current directory  : C:/Users/PC/Desktop/fec_verf/prj/fec_lasercom
# Command line       : vivado.exe -gui_launcher_event rodinguilauncherevent30788 C:\Users\PC\Desktop\fec_verf\prj\fec_lasercom\fec_lasercom.xpr
# Log file           : C:/Users/PC/Desktop/fec_verf/prj/fec_lasercom/vivado.log
# Journal file       : C:/Users/PC/Desktop/fec_verf/prj/fec_lasercom\vivado.jou
# Running On         : FSO-A
# Platform           : Windows Server 2016 or Windows 10
# Operating System   : 19045
# Processor Detail   : 13th Gen Intel(R) Core(TM) i9-13900K
# CPU Frequency      : 2995 MHz
# CPU Physical cores : 24
# CPU Logical cores  : 32
# Host memory        : 68263 MB
# Swap memory        : 10200 MB
# Total Virtual      : 78464 MB
# Available Virtual  : 33099 MB
#-----------------------------------------------------------
start_gui
Sourcing tcl script 'D:/2024_2/Vivado/2024.2/scripts/Vivado_init.tcl'
open_project C:/Users/PC/Desktop/fec_verf/prj/fec_lasercom/fec_lasercom.xpr
WARNING: [Board 49-26] cannot add Board Part xilinx.com:zcu208ld:part0:2.0 available at D:/2024_2/Vivado/2024.2/data/xhub/boards/XilinxBoardStore/boards/Xilinx/zcu208ld/production/2.0/board.xml as part xczu58dr-fsvg1517-2-i specified in board_part file is either invalid or not available
WARNING: [Board 49-26] cannot add Board Part xilinx.com:zcu216ld:part0:2.0 available at D:/2024_2/Vivado/2024.2/data/xhub/boards/XilinxBoardStore/boards/Xilinx/zcu216ld/production/2.0/board.xml as part xczu59dr-ffvf1760-2-i specified in board_part file is either invalid or not available
WARNING: [Board 49-26] cannot add Board Part xilinx.com:zcu670ld:part0:1.0 available at D:/2024_2/Vivado/2024.2/data/xhub/boards/XilinxBoardStore/boards/Xilinx/zcu670ld/1.0/board.xml as part xczu57dr-fsve1156-2-i specified in board_part file is either invalid or not available
INFO: [filemgmt 56-3] Default IP Output Path : Could not find the directory 'C:/Users/PC/Desktop/fec_verf/prj/fec_lasercom/fec_lasercom.gen/sources_1'.
Scanning sources...
Finished scanning sources
INFO: [IP_Flow 19-234] Refreshing IP repositories
INFO: [IP_Flow 19-1704] No user IP repositories specified
INFO: [IP_Flow 19-2313] Loaded Vivado IP repository 'D:/2024_2/Vivado/2024.2/data/ip'.
open_project: Time (s): cpu = 00:00:11 ; elapsed = 00:00:07 . Memory (MB): peak = 1437.371 ; gain = 291.969
update_compile_order -fileset sources_1
close [ open C:/Users/PC/Desktop/fec_verf/prj/fec_lasercom/fec_lasercom.srcs/sources_1/new/fec_rx_fpga_top.v w ]
add_files C:/Users/PC/Desktop/fec_verf/prj/fec_lasercom/fec_lasercom.srcs/sources_1/new/fec_rx_fpga_top.v
update_compile_order -fileset sources_1
add_files -norecurse C:/Users/PC/Desktop/fec_verf/src/sources_1/new/fec_rx.v
update_compile_order -fileset sources_1
add_files -norecurse C:/Users/PC/Desktop/fec_verf/src/sources_1/new/uart_rx.v
update_compile_order -fileset sources_1
add_files -norecurse C:/Users/PC/Desktop/fec_verf/src/sources_1/new/uart_tx.v
set_property top fec_rx_fpga_top [current_fileset]
update_compile_order -fileset sources_1
add_files -norecurse C:/Users/PC/Desktop/fec_verf/src/sources_1/new/axis_fifo_sync.v
update_compile_order -fileset sources_1
add_files -norecurse C:/Users/PC/Desktop/fec_verf/src/sources_1/new/gearbox_32to8.v
update_compile_order -fileset sources_1
add_files -norecurse C:/Users/PC/Desktop/fec_verf/src/sources_1/new/rs_decode_backend.v
update_compile_order -fileset sources_1
add_files -norecurse C:/Users/PC/Desktop/fps/EnDec/project_1/project_1.srcs/sim_1/new/rs_Deinterleaver_xpm.v
update_compile_order -fileset sources_1
# 1. 检查是否有打开的工程
if {[current_project -quiet] eq ""} {
    puts "【错误】请先打开一个 Vivado 工程！"
} else {
    puts "------------------------------------------------"
    puts "开始将外部引用文件导入(Copy)到本工程..."
    
    # 2. 执行导入操作
    # -force 参数确保如果工程目录下有同名文件则覆盖
    # import_files 会自动处理 Design Sources, Simulation Sources 和 Constraints
    import_files -force
    
    puts "文件导入操作完成。"
    puts "------------------------------------------------"
    
    # 3. 验证检查
    # 获取所有源文件
    set all_files [get_files]
    set remote_count 0
    
    # 获取工程目录路径
    set proj_dir [get_property DIRECTORY [current_project]]
    
    foreach f $all_files {
        # 检查文件路径是否包含工程路径
        # 注意：这里做简单的字符串匹配检查
        if {[string first $proj_dir $f] == -1} {
            # 排除掉 Xilinx IP核文件，因为它们本来就可能在外面，或者是指向IP库的
            if {[string match "*.xci" $f] == 0} {
                puts "【警告】文件似乎仍在工程外部: $f"
                incr remote_count
            }
        }
    }
    
    if {$remote_count == 0} {
        puts "【成功】所有源文件现已包含在工程文件夹内！"
    } else {
        puts "【注意】仍有 $remote_count 个文件可能未被复制，请检查是否为IP核或系统库文件。"
    }
    puts "------------------------------------------------"
}
------------------------------------------------
开始将外部引用文件导入(Copy)到本工程...
INFO: [filemgmt 20-348] Importing the appropriate files for fileset: 'async_fifo_32w_32r'
INFO: [filemgmt 20-348] Importing the appropriate files for fileset: 'clk_wiz_sys'
INFO: [filemgmt 20-348] Importing the appropriate files for fileset: 'fifo_0'
INFO: [filemgmt 20-348] Importing the appropriate files for fileset: 'gtwizard_ultrascale_0'
INFO: [filemgmt 20-348] Importing the appropriate files for fileset: 'rs_decoder_0'
INFO: [filemgmt 20-348] Importing the appropriate files for fileset: 'rs_encoder_0'
INFO: [filemgmt 20-348] Importing the appropriate files for fileset: 'constrs_1'
INFO: [filemgmt 20-334] All file(s) are already imported in fileset: 'sim_1'
INFO: [filemgmt 20-348] Importing the appropriate files for fileset: 'sim_1'
INFO: [filemgmt 20-348] Importing the appropriate files for fileset: 'sources_1'
文件导入操作完成。
------------------------------------------------
【警告】文件似乎仍在工程外部: c:/Users/PC/Desktop/fec_verf/prj/fec_lasercom/fec_lasercom.gen/rs_decoder_0/ip/rs_decoder_0/rs_decoder_0_bmstub.v
【警告】文件似乎仍在工程外部: c:/Users/PC/Desktop/fec_verf/prj/fec_lasercom/fec_lasercom.gen/rs_decoder_0/ip/rs_decoder_0/doc/rs_decoder_v9_0_changelog.txt
【警告】文件似乎仍在工程外部: c:/Users/PC/Desktop/fec_verf/prj/fec_lasercom/fec_lasercom.gen/rs_decoder_0/ip/rs_decoder_0/rs_decoder_0.vho
【警告】文件似乎仍在工程外部: c:/Users/PC/Desktop/fec_verf/prj/fec_lasercom/fec_lasercom.gen/rs_decoder_0/ip/rs_decoder_0/rs_decoder_0.veo
【警告】文件似乎仍在工程外部: c:/Users/PC/Desktop/fec_verf/prj/fec_lasercom/fec_lasercom.gen/rs_decoder_0/ip/rs_decoder_0/sim/rs_decoder_0.vhd
【警告】文件似乎仍在工程外部: c:/Users/PC/Desktop/fec_verf/prj/fec_lasercom/fec_lasercom.gen/rs_decoder_0/ip/rs_decoder_0/rs_decoder_0.dcp
【警告】文件似乎仍在工程外部: c:/Users/PC/Desktop/fec_verf/prj/fec_lasercom/fec_lasercom.gen/rs_decoder_0/ip/rs_decoder_0/rs_decoder_0_stub.v
【警告】文件似乎仍在工程外部: c:/Users/PC/Desktop/fec_verf/prj/fec_lasercom/fec_lasercom.gen/rs_decoder_0/ip/rs_decoder_0/rs_decoder_0_stub.vhdl
【警告】文件似乎仍在工程外部: c:/Users/PC/Desktop/fec_verf/prj/fec_lasercom/fec_lasercom.gen/rs_decoder_0/ip/rs_decoder_0/synth/rs_decoder_0.vhd
【警告】文件似乎仍在工程外部: c:/Users/PC/Desktop/fec_verf/prj/fec_lasercom/fec_lasercom.gen/rs_decoder_0/ip/rs_decoder_0/rs_decoder_0_ooc.xdc
【警告】文件似乎仍在工程外部: c:/Users/PC/Desktop/fec_verf/prj/fec_lasercom/fec_lasercom.gen/rs_decoder_0/ip/rs_decoder_0/demo_tb/tb_rs_decoder_0.vhd
【警告】文件似乎仍在工程外部: c:/Users/PC/Desktop/fec_verf/prj/fec_lasercom/fec_lasercom.gen/rs_encoder_0/ip/rs_encoder_0/rs_encoder_0_bmstub.v
【警告】文件似乎仍在工程外部: c:/Users/PC/Desktop/fec_verf/prj/fec_lasercom/fec_lasercom.gen/rs_encoder_0/ip/rs_encoder_0/doc/rs_encoder_v9_0_changelog.txt
【警告】文件似乎仍在工程外部: c:/Users/PC/Desktop/fec_verf/prj/fec_lasercom/fec_lasercom.gen/rs_encoder_0/ip/rs_encoder_0/rs_encoder_0.vho
【警告】文件似乎仍在工程外部: c:/Users/PC/Desktop/fec_verf/prj/fec_lasercom/fec_lasercom.gen/rs_encoder_0/ip/rs_encoder_0/rs_encoder_0.veo
【警告】文件似乎仍在工程外部: c:/Users/PC/Desktop/fec_verf/prj/fec_lasercom/fec_lasercom.gen/rs_encoder_0/ip/rs_encoder_0/sim/rs_encoder_0.vhd
【警告】文件似乎仍在工程外部: c:/Users/PC/Desktop/fec_verf/prj/fec_lasercom/fec_lasercom.gen/rs_encoder_0/ip/rs_encoder_0/rs_encoder_0.dcp
【警告】文件似乎仍在工程外部: c:/Users/PC/Desktop/fec_verf/prj/fec_lasercom/fec_lasercom.gen/rs_encoder_0/ip/rs_encoder_0/rs_encoder_0_stub.v
【警告】文件似乎仍在工程外部: c:/Users/PC/Desktop/fec_verf/prj/fec_lasercom/fec_lasercom.gen/rs_encoder_0/ip/rs_encoder_0/rs_encoder_0_stub.vhdl
【警告】文件似乎仍在工程外部: c:/Users/PC/Desktop/fec_verf/prj/fec_lasercom/fec_lasercom.gen/rs_encoder_0/ip/rs_encoder_0/synth/rs_encoder_0.vhd
【警告】文件似乎仍在工程外部: c:/Users/PC/Desktop/fec_verf/prj/fec_lasercom/fec_lasercom.gen/rs_encoder_0/ip/rs_encoder_0/rs_encoder_0_ooc.xdc
【警告】文件似乎仍在工程外部: c:/Users/PC/Desktop/fec_verf/prj/fec_lasercom/fec_lasercom.gen/rs_encoder_0/ip/rs_encoder_0/rs_encoder_0/demo_tb/tb_rs_encoder_0.vhd
【警告】文件似乎仍在工程外部: c:/Users/PC/Desktop/fec_verf/prj/fec_lasercom/fec_lasercom.gen/fifo_0/ip/fifo_0/fifo_0_bmstub.v
【警告】文件似乎仍在工程外部: c:/Users/PC/Desktop/fec_verf/prj/fec_lasercom/fec_lasercom.gen/fifo_0/ip/fifo_0/fifo_0.dcp
【警告】文件似乎仍在工程外部: c:/Users/PC/Desktop/fec_verf/prj/fec_lasercom/fec_lasercom.gen/fifo_0/ip/fifo_0/fifo_0_stub.v
【警告】文件似乎仍在工程外部: c:/Users/PC/Desktop/fec_verf/prj/fec_lasercom/fec_lasercom.gen/fifo_0/ip/fifo_0/fifo_0_stub.vhdl
【警告】文件似乎仍在工程外部: c:/Users/PC/Desktop/fec_verf/prj/fec_lasercom/fec_lasercom.gen/fifo_0/ip/fifo_0/fifo_0.xdc
【警告】文件似乎仍在工程外部: c:/Users/PC/Desktop/fec_verf/prj/fec_lasercom/fec_lasercom.gen/fifo_0/ip/fifo_0/fifo_0_clocks.xdc
【警告】文件似乎仍在工程外部: c:/Users/PC/Desktop/fec_verf/prj/fec_lasercom/fec_lasercom.gen/fifo_0/ip/fifo_0/synth/fifo_0.vhd
【警告】文件似乎仍在工程外部: c:/Users/PC/Desktop/fec_verf/prj/fec_lasercom/fec_lasercom.gen/fifo_0/ip/fifo_0/fifo_0_ooc.xdc
【警告】文件似乎仍在工程外部: c:/Users/PC/Desktop/fec_verf/prj/fec_lasercom/fec_lasercom.gen/clk_wiz_sys/ip/clk_wiz_sys/clk_wiz_sys_bmstub.v
【警告】文件似乎仍在工程外部: c:/Users/PC/Desktop/fec_verf/prj/fec_lasercom/fec_lasercom.gen/clk_wiz_sys/ip/clk_wiz_sys/clk_wiz_sys_board.xdc
【警告】文件似乎仍在工程外部: c:/Users/PC/Desktop/fec_verf/prj/fec_lasercom/fec_lasercom.gen/clk_wiz_sys/ip/clk_wiz_sys/clk_wiz_sys.dcp
【警告】文件似乎仍在工程外部: c:/Users/PC/Desktop/fec_verf/prj/fec_lasercom/fec_lasercom.gen/clk_wiz_sys/ip/clk_wiz_sys/clk_wiz_sys_stub.v
【警告】文件似乎仍在工程外部: c:/Users/PC/Desktop/fec_verf/prj/fec_lasercom/fec_lasercom.gen/clk_wiz_sys/ip/clk_wiz_sys/clk_wiz_sys_stub.vhdl
【警告】文件似乎仍在工程外部: c:/Users/PC/Desktop/fec_verf/prj/fec_lasercom/fec_lasercom.gen/clk_wiz_sys/ip/clk_wiz_sys/clk_wiz_sys_sim_netlist.v
【警告】文件似乎仍在工程外部: c:/Users/PC/Desktop/fec_verf/prj/fec_lasercom/fec_lasercom.gen/clk_wiz_sys/ip/clk_wiz_sys/clk_wiz_sys_sim_netlist.vhdl
【警告】文件似乎仍在工程外部: c:/Users/PC/Desktop/fec_verf/prj/fec_lasercom/fec_lasercom.gen/clk_wiz_sys/ip/clk_wiz_sys/clk_wiz_sys.xdc
【警告】文件似乎仍在工程外部: c:/Users/PC/Desktop/fec_verf/prj/fec_lasercom/fec_lasercom.gen/clk_wiz_sys/ip/clk_wiz_sys/clk_wiz_sys_ooc.xdc
【警告】文件似乎仍在工程外部: c:/Users/PC/Desktop/fec_verf/prj/fec_lasercom/fec_lasercom.gen/clk_wiz_sys/ip/clk_wiz_sys/mmcm_pll_drp_func_7s_mmcm.vh
【警告】文件似乎仍在工程外部: c:/Users/PC/Desktop/fec_verf/prj/fec_lasercom/fec_lasercom.gen/clk_wiz_sys/ip/clk_wiz_sys/mmcm_pll_drp_func_7s_pll.vh
【警告】文件似乎仍在工程外部: c:/Users/PC/Desktop/fec_verf/prj/fec_lasercom/fec_lasercom.gen/clk_wiz_sys/ip/clk_wiz_sys/mmcm_pll_drp_func_us_mmcm.vh
【警告】文件似乎仍在工程外部: c:/Users/PC/Desktop/fec_verf/prj/fec_lasercom/fec_lasercom.gen/clk_wiz_sys/ip/clk_wiz_sys/mmcm_pll_drp_func_us_pll.vh
【警告】文件似乎仍在工程外部: c:/Users/PC/Desktop/fec_verf/prj/fec_lasercom/fec_lasercom.gen/clk_wiz_sys/ip/clk_wiz_sys/mmcm_pll_drp_func_us_plus_pll.vh
【警告】文件似乎仍在工程外部: c:/Users/PC/Desktop/fec_verf/prj/fec_lasercom/fec_lasercom.gen/clk_wiz_sys/ip/clk_wiz_sys/mmcm_pll_drp_func_us_plus_mmcm.vh
【警告】文件似乎仍在工程外部: c:/Users/PC/Desktop/fec_verf/prj/fec_lasercom/fec_lasercom.gen/clk_wiz_sys/ip/clk_wiz_sys/clk_wiz_sys_clk_wiz.v
【警告】文件似乎仍在工程外部: c:/Users/PC/Desktop/fec_verf/prj/fec_lasercom/fec_lasercom.gen/clk_wiz_sys/ip/clk_wiz_sys/clk_wiz_sys.v
【警告】文件似乎仍在工程外部: c:/Users/PC/Desktop/fec_verf/prj/fec_lasercom/fec_lasercom.gen/async_fifo_32w_32r/ip/async_fifo_32w_32r/async_fifo_32w_32r_bmstub.v
【警告】文件似乎仍在工程外部: c:/Users/PC/Desktop/fec_verf/prj/fec_lasercom/fec_lasercom.gen/async_fifo_32w_32r/ip/async_fifo_32w_32r/async_fifo_32w_32r.dcp
【警告】文件似乎仍在工程外部: c:/Users/PC/Desktop/fec_verf/prj/fec_lasercom/fec_lasercom.gen/async_fifo_32w_32r/ip/async_fifo_32w_32r/async_fifo_32w_32r_stub.v
【警告】文件似乎仍在工程外部: c:/Users/PC/Desktop/fec_verf/prj/fec_lasercom/fec_lasercom.gen/async_fifo_32w_32r/ip/async_fifo_32w_32r/async_fifo_32w_32r_stub.vhdl
【警告】文件似乎仍在工程外部: c:/Users/PC/Desktop/fec_verf/prj/fec_lasercom/fec_lasercom.gen/async_fifo_32w_32r/ip/async_fifo_32w_32r/async_fifo_32w_32r.xdc
【警告】文件似乎仍在工程外部: c:/Users/PC/Desktop/fec_verf/prj/fec_lasercom/fec_lasercom.gen/async_fifo_32w_32r/ip/async_fifo_32w_32r/async_fifo_32w_32r_clocks.xdc
【警告】文件似乎仍在工程外部: c:/Users/PC/Desktop/fec_verf/prj/fec_lasercom/fec_lasercom.gen/async_fifo_32w_32r/ip/async_fifo_32w_32r/synth/async_fifo_32w_32r.vhd
【警告】文件似乎仍在工程外部: c:/Users/PC/Desktop/fec_verf/prj/fec_lasercom/fec_lasercom.gen/async_fifo_32w_32r/ip/async_fifo_32w_32r/async_fifo_32w_32r_ooc.xdc
【警告】文件似乎仍在工程外部: c:/Users/PC/Desktop/fec_verf/prj/fec_lasercom/fec_lasercom.gen/gtwizard_ultrascale_0/ip/gtwizard_ultrascale_0/gtwizard_ultrascale_0_bmstub.v
【警告】文件似乎仍在工程外部: c:/Users/PC/Desktop/fec_verf/prj/fec_lasercom/fec_lasercom.gen/gtwizard_ultrascale_0/ip/gtwizard_ultrascale_0/gtwizard_ultrascale_0.dcp
【警告】文件似乎仍在工程外部: c:/Users/PC/Desktop/fec_verf/prj/fec_lasercom/fec_lasercom.gen/gtwizard_ultrascale_0/ip/gtwizard_ultrascale_0/gtwizard_ultrascale_0_stub.v
【警告】文件似乎仍在工程外部: c:/Users/PC/Desktop/fec_verf/prj/fec_lasercom/fec_lasercom.gen/gtwizard_ultrascale_0/ip/gtwizard_ultrascale_0/gtwizard_ultrascale_0_stub.vhdl
【警告】文件似乎仍在工程外部: c:/Users/PC/Desktop/fec_verf/prj/fec_lasercom/fec_lasercom.gen/gtwizard_ultrascale_0/ip/gtwizard_ultrascale_0/gtwizard_ultrascale_0_sim_netlist.v
【警告】文件似乎仍在工程外部: c:/Users/PC/Desktop/fec_verf/prj/fec_lasercom/fec_lasercom.gen/gtwizard_ultrascale_0/ip/gtwizard_ultrascale_0/gtwizard_ultrascale_0_sim_netlist.vhdl
【警告】文件似乎仍在工程外部: c:/Users/PC/Desktop/fec_verf/prj/fec_lasercom/fec_lasercom.gen/gtwizard_ultrascale_0/ip/gtwizard_ultrascale_0/synth/gtwizard_ultrascale_0_ooc.xdc
【警告】文件似乎仍在工程外部: c:/Users/PC/Desktop/fec_verf/prj/fec_lasercom/fec_lasercom.gen/gtwizard_ultrascale_0/ip/gtwizard_ultrascale_0/synth/gtwizard_ultrascale_0.xdc
【警告】文件似乎仍在工程外部: c:/Users/PC/Desktop/fec_verf/prj/fec_lasercom/fec_lasercom.gen/gtwizard_ultrascale_0/ip/gtwizard_ultrascale_0/hdl/gtwizard_ultrascale_v1_7_bit_sync.v
【警告】文件似乎仍在工程外部: c:/Users/PC/Desktop/fec_verf/prj/fec_lasercom/fec_lasercom.gen/gtwizard_ultrascale_0/ip/gtwizard_ultrascale_0/hdl/gtwizard_ultrascale_v1_7_gte4_drp_arb.v
【警告】文件似乎仍在工程外部: c:/Users/PC/Desktop/fec_verf/prj/fec_lasercom/fec_lasercom.gen/gtwizard_ultrascale_0/ip/gtwizard_ultrascale_0/hdl/gtwizard_ultrascale_v1_7_gthe4_delay_powergood.v
【警告】文件似乎仍在工程外部: c:/Users/PC/Desktop/fec_verf/prj/fec_lasercom/fec_lasercom.gen/gtwizard_ultrascale_0/ip/gtwizard_ultrascale_0/hdl/gtwizard_ultrascale_v1_7_gtye4_delay_powergood.v
【警告】文件似乎仍在工程外部: c:/Users/PC/Desktop/fec_verf/prj/fec_lasercom/fec_lasercom.gen/gtwizard_ultrascale_0/ip/gtwizard_ultrascale_0/hdl/gtwizard_ultrascale_v1_7_gthe3_cpll_cal.v
【警告】文件似乎仍在工程外部: c:/Users/PC/Desktop/fec_verf/prj/fec_lasercom/fec_lasercom.gen/gtwizard_ultrascale_0/ip/gtwizard_ultrascale_0/hdl/gtwizard_ultrascale_v1_7_gthe3_cal_freqcnt.v
【警告】文件似乎仍在工程外部: c:/Users/PC/Desktop/fec_verf/prj/fec_lasercom/fec_lasercom.gen/gtwizard_ultrascale_0/ip/gtwizard_ultrascale_0/hdl/gtwizard_ultrascale_v1_7_gthe4_cpll_cal.v
【警告】文件似乎仍在工程外部: c:/Users/PC/Desktop/fec_verf/prj/fec_lasercom/fec_lasercom.gen/gtwizard_ultrascale_0/ip/gtwizard_ultrascale_0/hdl/gtwizard_ultrascale_v1_7_gthe4_cpll_cal_rx.v
【警告】文件似乎仍在工程外部: c:/Users/PC/Desktop/fec_verf/prj/fec_lasercom/fec_lasercom.gen/gtwizard_ultrascale_0/ip/gtwizard_ultrascale_0/hdl/gtwizard_ultrascale_v1_7_gthe4_cpll_cal_tx.v
【警告】文件似乎仍在工程外部: c:/Users/PC/Desktop/fec_verf/prj/fec_lasercom/fec_lasercom.gen/gtwizard_ultrascale_0/ip/gtwizard_ultrascale_0/hdl/gtwizard_ultrascale_v1_7_gthe4_cal_freqcnt.v
【警告】文件似乎仍在工程外部: c:/Users/PC/Desktop/fec_verf/prj/fec_lasercom/fec_lasercom.gen/gtwizard_ultrascale_0/ip/gtwizard_ultrascale_0/hdl/gtwizard_ultrascale_v1_7_gtye4_cpll_cal.v
【警告】文件似乎仍在工程外部: c:/Users/PC/Desktop/fec_verf/prj/fec_lasercom/fec_lasercom.gen/gtwizard_ultrascale_0/ip/gtwizard_ultrascale_0/hdl/gtwizard_ultrascale_v1_7_gtye4_cpll_cal_rx.v
【警告】文件似乎仍在工程外部: c:/Users/PC/Desktop/fec_verf/prj/fec_lasercom/fec_lasercom.gen/gtwizard_ultrascale_0/ip/gtwizard_ultrascale_0/hdl/gtwizard_ultrascale_v1_7_gtye4_cpll_cal_tx.v
【警告】文件似乎仍在工程外部: c:/Users/PC/Desktop/fec_verf/prj/fec_lasercom/fec_lasercom.gen/gtwizard_ultrascale_0/ip/gtwizard_ultrascale_0/hdl/gtwizard_ultrascale_v1_7_gtye4_cal_freqcnt.v
【警告】文件似乎仍在工程外部: c:/Users/PC/Desktop/fec_verf/prj/fec_lasercom/fec_lasercom.gen/gtwizard_ultrascale_0/ip/gtwizard_ultrascale_0/hdl/gtwizard_ultrascale_v1_7_gtwiz_buffbypass_rx.v
【警告】文件似乎仍在工程外部: c:/Users/PC/Desktop/fec_verf/prj/fec_lasercom/fec_lasercom.gen/gtwizard_ultrascale_0/ip/gtwizard_ultrascale_0/hdl/gtwizard_ultrascale_v1_7_gtwiz_buffbypass_tx.v
【警告】文件似乎仍在工程外部: c:/Users/PC/Desktop/fec_verf/prj/fec_lasercom/fec_lasercom.gen/gtwizard_ultrascale_0/ip/gtwizard_ultrascale_0/hdl/gtwizard_ultrascale_v1_7_gtwiz_reset.v
【警告】文件似乎仍在工程外部: c:/Users/PC/Desktop/fec_verf/prj/fec_lasercom/fec_lasercom.gen/gtwizard_ultrascale_0/ip/gtwizard_ultrascale_0/hdl/gtwizard_ultrascale_v1_7_gtwiz_userclk_rx.v
【警告】文件似乎仍在工程外部: c:/Users/PC/Desktop/fec_verf/prj/fec_lasercom/fec_lasercom.gen/gtwizard_ultrascale_0/ip/gtwizard_ultrascale_0/hdl/gtwizard_ultrascale_v1_7_gtwiz_userclk_tx.v
【警告】文件似乎仍在工程外部: c:/Users/PC/Desktop/fec_verf/prj/fec_lasercom/fec_lasercom.gen/gtwizard_ultrascale_0/ip/gtwizard_ultrascale_0/hdl/gtwizard_ultrascale_v1_7_gtwiz_userdata_rx.v
【警告】文件似乎仍在工程外部: c:/Users/PC/Desktop/fec_verf/prj/fec_lasercom/fec_lasercom.gen/gtwizard_ultrascale_0/ip/gtwizard_ultrascale_0/hdl/gtwizard_ultrascale_v1_7_gtwiz_userdata_tx.v
【警告】文件似乎仍在工程外部: c:/Users/PC/Desktop/fec_verf/prj/fec_lasercom/fec_lasercom.gen/gtwizard_ultrascale_0/ip/gtwizard_ultrascale_0/hdl/gtwizard_ultrascale_v1_7_reset_sync.v
【警告】文件似乎仍在工程外部: c:/Users/PC/Desktop/fec_verf/prj/fec_lasercom/fec_lasercom.gen/gtwizard_ultrascale_0/ip/gtwizard_ultrascale_0/hdl/gtwizard_ultrascale_v1_7_reset_inv_sync.v
【警告】文件似乎仍在工程外部: c:/Users/PC/Desktop/fec_verf/prj/fec_lasercom/fec_lasercom.gen/gtwizard_ultrascale_0/ip/gtwizard_ultrascale_0/synth/gtwizard_ultrascale_v1_7_gthe4_channel.v
【警告】文件似乎仍在工程外部: c:/Users/PC/Desktop/fec_verf/prj/fec_lasercom/fec_lasercom.gen/gtwizard_ultrascale_0/ip/gtwizard_ultrascale_0/synth/gtwizard_ultrascale_0_gthe4_channel_wrapper.v
【警告】文件似乎仍在工程外部: c:/Users/PC/Desktop/fec_verf/prj/fec_lasercom/fec_lasercom.gen/gtwizard_ultrascale_0/ip/gtwizard_ultrascale_0/synth/gtwizard_ultrascale_v1_7_gthe4_common.v
【警告】文件似乎仍在工程外部: c:/Users/PC/Desktop/fec_verf/prj/fec_lasercom/fec_lasercom.gen/gtwizard_ultrascale_0/ip/gtwizard_ultrascale_0/synth/gtwizard_ultrascale_0_gthe4_common_wrapper.v
【警告】文件似乎仍在工程外部: c:/Users/PC/Desktop/fec_verf/prj/fec_lasercom/fec_lasercom.gen/gtwizard_ultrascale_0/ip/gtwizard_ultrascale_0/synth/gtwizard_ultrascale_0_gtwizard_gthe4.v
【警告】文件似乎仍在工程外部: c:/Users/PC/Desktop/fec_verf/prj/fec_lasercom/fec_lasercom.gen/gtwizard_ultrascale_0/ip/gtwizard_ultrascale_0/synth/gtwizard_ultrascale_0_gtwizard_top.v
【警告】文件似乎仍在工程外部: c:/Users/PC/Desktop/fec_verf/prj/fec_lasercom/fec_lasercom.gen/gtwizard_ultrascale_0/ip/gtwizard_ultrascale_0/synth/gtwizard_ultrascale_0.v
【注意】仍有 93 个文件可能未被复制，请检查是否为IP核或系统库文件。
------------------------------------------------
# 1. 检查是否有打开的工程
if {[current_project -quiet] eq ""} {
    puts "【错误】请先打开一个 Vivado 工程！"
} else {
    puts "------------------------------------------------"
    puts "开始将外部引用文件导入(Copy)到本工程..."
    
    # 2. 执行导入操作
    # -force 参数确保如果工程目录下有同名文件则覆盖
    # import_files 会自动处理 Design Sources, Simulation Sources 和 Constraints
    import_files -force
    
    puts "文件导入操作完成。"
    puts "------------------------------------------------"
    
    # 3. 验证检查
    # 获取所有源文件
    set all_files [get_files]
    set remote_count 0
    
    # 获取工程目录路径
    set proj_dir [get_property DIRECTORY [current_project]]
    
    foreach f $all_files {
        # 检查文件路径是否包含工程路径
        # 注意：这里做简单的字符串匹配检查
        if {[string first $proj_dir $f] == -1} {
            # 排除掉 Xilinx IP核文件，因为它们本来就可能在外面，或者是指向IP库的
            if {[string match "*.xci" $f] == 0} {
                puts "【警告】文件似乎仍在工程外部: $f"
                incr remote_count
            }
        }
    }
    
    if {$remote_count == 0} {
        puts "【成功】所有源文件现已包含在工程文件夹内！"
    } else {
        puts "【注意】仍有 $remote_count 个文件可能未被复制，请检查是否为IP核或系统库文件。"
    }
    puts "------------------------------------------------"
}
------------------------------------------------
开始将外部引用文件导入(Copy)到本工程...
INFO: [filemgmt 20-334] All file(s) are already imported in fileset: 'async_fifo_32w_32r'
INFO: [filemgmt 20-348] Importing the appropriate files for fileset: 'async_fifo_32w_32r'
INFO: [filemgmt 20-334] All file(s) are already imported in fileset: 'clk_wiz_sys'
INFO: [filemgmt 20-348] Importing the appropriate files for fileset: 'clk_wiz_sys'
INFO: [filemgmt 20-334] All file(s) are already imported in fileset: 'fifo_0'
INFO: [filemgmt 20-348] Importing the appropriate files for fileset: 'fifo_0'
INFO: [filemgmt 20-334] All file(s) are already imported in fileset: 'gtwizard_ultrascale_0'
INFO: [filemgmt 20-348] Importing the appropriate files for fileset: 'gtwizard_ultrascale_0'
INFO: [filemgmt 20-334] All file(s) are already imported in fileset: 'rs_decoder_0'
INFO: [filemgmt 20-348] Importing the appropriate files for fileset: 'rs_decoder_0'
INFO: [filemgmt 20-334] All file(s) are already imported in fileset: 'rs_encoder_0'
INFO: [filemgmt 20-348] Importing the appropriate files for fileset: 'rs_encoder_0'
INFO: [filemgmt 20-334] All file(s) are already imported in fileset: 'constrs_1'
INFO: [filemgmt 20-348] Importing the appropriate files for fileset: 'constrs_1'
INFO: [filemgmt 20-334] All file(s) are already imported in fileset: 'sim_1'
INFO: [filemgmt 20-348] Importing the appropriate files for fileset: 'sim_1'
INFO: [filemgmt 20-334] All file(s) are already imported in fileset: 'sources_1'
INFO: [filemgmt 20-348] Importing the appropriate files for fileset: 'sources_1'
文件导入操作完成。
------------------------------------------------
【警告】文件似乎仍在工程外部: c:/Users/PC/Desktop/fec_verf/prj/fec_lasercom/fec_lasercom.gen/rs_decoder_0/ip/rs_decoder_0/rs_decoder_0_bmstub.v
【警告】文件似乎仍在工程外部: c:/Users/PC/Desktop/fec_verf/prj/fec_lasercom/fec_lasercom.gen/rs_decoder_0/ip/rs_decoder_0/doc/rs_decoder_v9_0_changelog.txt
【警告】文件似乎仍在工程外部: c:/Users/PC/Desktop/fec_verf/prj/fec_lasercom/fec_lasercom.gen/rs_decoder_0/ip/rs_decoder_0/rs_decoder_0.vho
【警告】文件似乎仍在工程外部: c:/Users/PC/Desktop/fec_verf/prj/fec_lasercom/fec_lasercom.gen/rs_decoder_0/ip/rs_decoder_0/rs_decoder_0.veo
【警告】文件似乎仍在工程外部: c:/Users/PC/Desktop/fec_verf/prj/fec_lasercom/fec_lasercom.gen/rs_decoder_0/ip/rs_decoder_0/sim/rs_decoder_0.vhd
【警告】文件似乎仍在工程外部: c:/Users/PC/Desktop/fec_verf/prj/fec_lasercom/fec_lasercom.gen/rs_decoder_0/ip/rs_decoder_0/rs_decoder_0.dcp
【警告】文件似乎仍在工程外部: c:/Users/PC/Desktop/fec_verf/prj/fec_lasercom/fec_lasercom.gen/rs_decoder_0/ip/rs_decoder_0/rs_decoder_0_stub.v
【警告】文件似乎仍在工程外部: c:/Users/PC/Desktop/fec_verf/prj/fec_lasercom/fec_lasercom.gen/rs_decoder_0/ip/rs_decoder_0/rs_decoder_0_stub.vhdl
【警告】文件似乎仍在工程外部: c:/Users/PC/Desktop/fec_verf/prj/fec_lasercom/fec_lasercom.gen/rs_decoder_0/ip/rs_decoder_0/synth/rs_decoder_0.vhd
【警告】文件似乎仍在工程外部: c:/Users/PC/Desktop/fec_verf/prj/fec_lasercom/fec_lasercom.gen/rs_decoder_0/ip/rs_decoder_0/rs_decoder_0_ooc.xdc
【警告】文件似乎仍在工程外部: c:/Users/PC/Desktop/fec_verf/prj/fec_lasercom/fec_lasercom.gen/rs_decoder_0/ip/rs_decoder_0/demo_tb/tb_rs_decoder_0.vhd
【警告】文件似乎仍在工程外部: c:/Users/PC/Desktop/fec_verf/prj/fec_lasercom/fec_lasercom.gen/rs_encoder_0/ip/rs_encoder_0/rs_encoder_0_bmstub.v
【警告】文件似乎仍在工程外部: c:/Users/PC/Desktop/fec_verf/prj/fec_lasercom/fec_lasercom.gen/rs_encoder_0/ip/rs_encoder_0/doc/rs_encoder_v9_0_changelog.txt
【警告】文件似乎仍在工程外部: c:/Users/PC/Desktop/fec_verf/prj/fec_lasercom/fec_lasercom.gen/rs_encoder_0/ip/rs_encoder_0/rs_encoder_0.vho
【警告】文件似乎仍在工程外部: c:/Users/PC/Desktop/fec_verf/prj/fec_lasercom/fec_lasercom.gen/rs_encoder_0/ip/rs_encoder_0/rs_encoder_0.veo
【警告】文件似乎仍在工程外部: c:/Users/PC/Desktop/fec_verf/prj/fec_lasercom/fec_lasercom.gen/rs_encoder_0/ip/rs_encoder_0/sim/rs_encoder_0.vhd
【警告】文件似乎仍在工程外部: c:/Users/PC/Desktop/fec_verf/prj/fec_lasercom/fec_lasercom.gen/rs_encoder_0/ip/rs_encoder_0/rs_encoder_0.dcp
【警告】文件似乎仍在工程外部: c:/Users/PC/Desktop/fec_verf/prj/fec_lasercom/fec_lasercom.gen/rs_encoder_0/ip/rs_encoder_0/rs_encoder_0_stub.v
【警告】文件似乎仍在工程外部: c:/Users/PC/Desktop/fec_verf/prj/fec_lasercom/fec_lasercom.gen/rs_encoder_0/ip/rs_encoder_0/rs_encoder_0_stub.vhdl
【警告】文件似乎仍在工程外部: c:/Users/PC/Desktop/fec_verf/prj/fec_lasercom/fec_lasercom.gen/rs_encoder_0/ip/rs_encoder_0/synth/rs_encoder_0.vhd
【警告】文件似乎仍在工程外部: c:/Users/PC/Desktop/fec_verf/prj/fec_lasercom/fec_lasercom.gen/rs_encoder_0/ip/rs_encoder_0/rs_encoder_0_ooc.xdc
【警告】文件似乎仍在工程外部: c:/Users/PC/Desktop/fec_verf/prj/fec_lasercom/fec_lasercom.gen/rs_encoder_0/ip/rs_encoder_0/rs_encoder_0/demo_tb/tb_rs_encoder_0.vhd
【警告】文件似乎仍在工程外部: c:/Users/PC/Desktop/fec_verf/prj/fec_lasercom/fec_lasercom.gen/fifo_0/ip/fifo_0/fifo_0_bmstub.v
【警告】文件似乎仍在工程外部: c:/Users/PC/Desktop/fec_verf/prj/fec_lasercom/fec_lasercom.gen/fifo_0/ip/fifo_0/fifo_0.dcp
【警告】文件似乎仍在工程外部: c:/Users/PC/Desktop/fec_verf/prj/fec_lasercom/fec_lasercom.gen/fifo_0/ip/fifo_0/fifo_0_stub.v
【警告】文件似乎仍在工程外部: c:/Users/PC/Desktop/fec_verf/prj/fec_lasercom/fec_lasercom.gen/fifo_0/ip/fifo_0/fifo_0_stub.vhdl
【警告】文件似乎仍在工程外部: c:/Users/PC/Desktop/fec_verf/prj/fec_lasercom/fec_lasercom.gen/fifo_0/ip/fifo_0/fifo_0.xdc
【警告】文件似乎仍在工程外部: c:/Users/PC/Desktop/fec_verf/prj/fec_lasercom/fec_lasercom.gen/fifo_0/ip/fifo_0/fifo_0_clocks.xdc
【警告】文件似乎仍在工程外部: c:/Users/PC/Desktop/fec_verf/prj/fec_lasercom/fec_lasercom.gen/fifo_0/ip/fifo_0/synth/fifo_0.vhd
【警告】文件似乎仍在工程外部: c:/Users/PC/Desktop/fec_verf/prj/fec_lasercom/fec_lasercom.gen/fifo_0/ip/fifo_0/fifo_0_ooc.xdc
【警告】文件似乎仍在工程外部: c:/Users/PC/Desktop/fec_verf/prj/fec_lasercom/fec_lasercom.gen/clk_wiz_sys/ip/clk_wiz_sys/clk_wiz_sys_bmstub.v
【警告】文件似乎仍在工程外部: c:/Users/PC/Desktop/fec_verf/prj/fec_lasercom/fec_lasercom.gen/clk_wiz_sys/ip/clk_wiz_sys/clk_wiz_sys_board.xdc
【警告】文件似乎仍在工程外部: c:/Users/PC/Desktop/fec_verf/prj/fec_lasercom/fec_lasercom.gen/clk_wiz_sys/ip/clk_wiz_sys/clk_wiz_sys.dcp
【警告】文件似乎仍在工程外部: c:/Users/PC/Desktop/fec_verf/prj/fec_lasercom/fec_lasercom.gen/clk_wiz_sys/ip/clk_wiz_sys/clk_wiz_sys_stub.v
【警告】文件似乎仍在工程外部: c:/Users/PC/Desktop/fec_verf/prj/fec_lasercom/fec_lasercom.gen/clk_wiz_sys/ip/clk_wiz_sys/clk_wiz_sys_stub.vhdl
【警告】文件似乎仍在工程外部: c:/Users/PC/Desktop/fec_verf/prj/fec_lasercom/fec_lasercom.gen/clk_wiz_sys/ip/clk_wiz_sys/clk_wiz_sys_sim_netlist.v
【警告】文件似乎仍在工程外部: c:/Users/PC/Desktop/fec_verf/prj/fec_lasercom/fec_lasercom.gen/clk_wiz_sys/ip/clk_wiz_sys/clk_wiz_sys_sim_netlist.vhdl
【警告】文件似乎仍在工程外部: c:/Users/PC/Desktop/fec_verf/prj/fec_lasercom/fec_lasercom.gen/clk_wiz_sys/ip/clk_wiz_sys/clk_wiz_sys.xdc
【警告】文件似乎仍在工程外部: c:/Users/PC/Desktop/fec_verf/prj/fec_lasercom/fec_lasercom.gen/clk_wiz_sys/ip/clk_wiz_sys/clk_wiz_sys_ooc.xdc
【警告】文件似乎仍在工程外部: c:/Users/PC/Desktop/fec_verf/prj/fec_lasercom/fec_lasercom.gen/clk_wiz_sys/ip/clk_wiz_sys/mmcm_pll_drp_func_7s_mmcm.vh
【警告】文件似乎仍在工程外部: c:/Users/PC/Desktop/fec_verf/prj/fec_lasercom/fec_lasercom.gen/clk_wiz_sys/ip/clk_wiz_sys/mmcm_pll_drp_func_7s_pll.vh
【警告】文件似乎仍在工程外部: c:/Users/PC/Desktop/fec_verf/prj/fec_lasercom/fec_lasercom.gen/clk_wiz_sys/ip/clk_wiz_sys/mmcm_pll_drp_func_us_mmcm.vh
【警告】文件似乎仍在工程外部: c:/Users/PC/Desktop/fec_verf/prj/fec_lasercom/fec_lasercom.gen/clk_wiz_sys/ip/clk_wiz_sys/mmcm_pll_drp_func_us_pll.vh
【警告】文件似乎仍在工程外部: c:/Users/PC/Desktop/fec_verf/prj/fec_lasercom/fec_lasercom.gen/clk_wiz_sys/ip/clk_wiz_sys/mmcm_pll_drp_func_us_plus_pll.vh
【警告】文件似乎仍在工程外部: c:/Users/PC/Desktop/fec_verf/prj/fec_lasercom/fec_lasercom.gen/clk_wiz_sys/ip/clk_wiz_sys/mmcm_pll_drp_func_us_plus_mmcm.vh
【警告】文件似乎仍在工程外部: c:/Users/PC/Desktop/fec_verf/prj/fec_lasercom/fec_lasercom.gen/clk_wiz_sys/ip/clk_wiz_sys/clk_wiz_sys_clk_wiz.v
【警告】文件似乎仍在工程外部: c:/Users/PC/Desktop/fec_verf/prj/fec_lasercom/fec_lasercom.gen/clk_wiz_sys/ip/clk_wiz_sys/clk_wiz_sys.v
【警告】文件似乎仍在工程外部: c:/Users/PC/Desktop/fec_verf/prj/fec_lasercom/fec_lasercom.gen/async_fifo_32w_32r/ip/async_fifo_32w_32r/async_fifo_32w_32r_bmstub.v
【警告】文件似乎仍在工程外部: c:/Users/PC/Desktop/fec_verf/prj/fec_lasercom/fec_lasercom.gen/async_fifo_32w_32r/ip/async_fifo_32w_32r/async_fifo_32w_32r.dcp
【警告】文件似乎仍在工程外部: c:/Users/PC/Desktop/fec_verf/prj/fec_lasercom/fec_lasercom.gen/async_fifo_32w_32r/ip/async_fifo_32w_32r/async_fifo_32w_32r_stub.v
【警告】文件似乎仍在工程外部: c:/Users/PC/Desktop/fec_verf/prj/fec_lasercom/fec_lasercom.gen/async_fifo_32w_32r/ip/async_fifo_32w_32r/async_fifo_32w_32r_stub.vhdl
【警告】文件似乎仍在工程外部: c:/Users/PC/Desktop/fec_verf/prj/fec_lasercom/fec_lasercom.gen/async_fifo_32w_32r/ip/async_fifo_32w_32r/async_fifo_32w_32r.xdc
【警告】文件似乎仍在工程外部: c:/Users/PC/Desktop/fec_verf/prj/fec_lasercom/fec_lasercom.gen/async_fifo_32w_32r/ip/async_fifo_32w_32r/async_fifo_32w_32r_clocks.xdc
【警告】文件似乎仍在工程外部: c:/Users/PC/Desktop/fec_verf/prj/fec_lasercom/fec_lasercom.gen/async_fifo_32w_32r/ip/async_fifo_32w_32r/synth/async_fifo_32w_32r.vhd
【警告】文件似乎仍在工程外部: c:/Users/PC/Desktop/fec_verf/prj/fec_lasercom/fec_lasercom.gen/async_fifo_32w_32r/ip/async_fifo_32w_32r/async_fifo_32w_32r_ooc.xdc
【警告】文件似乎仍在工程外部: c:/Users/PC/Desktop/fec_verf/prj/fec_lasercom/fec_lasercom.gen/gtwizard_ultrascale_0/ip/gtwizard_ultrascale_0/gtwizard_ultrascale_0_bmstub.v
【警告】文件似乎仍在工程外部: c:/Users/PC/Desktop/fec_verf/prj/fec_lasercom/fec_lasercom.gen/gtwizard_ultrascale_0/ip/gtwizard_ultrascale_0/gtwizard_ultrascale_0.dcp
【警告】文件似乎仍在工程外部: c:/Users/PC/Desktop/fec_verf/prj/fec_lasercom/fec_lasercom.gen/gtwizard_ultrascale_0/ip/gtwizard_ultrascale_0/gtwizard_ultrascale_0_stub.v
【警告】文件似乎仍在工程外部: c:/Users/PC/Desktop/fec_verf/prj/fec_lasercom/fec_lasercom.gen/gtwizard_ultrascale_0/ip/gtwizard_ultrascale_0/gtwizard_ultrascale_0_stub.vhdl
【警告】文件似乎仍在工程外部: c:/Users/PC/Desktop/fec_verf/prj/fec_lasercom/fec_lasercom.gen/gtwizard_ultrascale_0/ip/gtwizard_ultrascale_0/gtwizard_ultrascale_0_sim_netlist.v
【警告】文件似乎仍在工程外部: c:/Users/PC/Desktop/fec_verf/prj/fec_lasercom/fec_lasercom.gen/gtwizard_ultrascale_0/ip/gtwizard_ultrascale_0/gtwizard_ultrascale_0_sim_netlist.vhdl
【警告】文件似乎仍在工程外部: c:/Users/PC/Desktop/fec_verf/prj/fec_lasercom/fec_lasercom.gen/gtwizard_ultrascale_0/ip/gtwizard_ultrascale_0/synth/gtwizard_ultrascale_0_ooc.xdc
【警告】文件似乎仍在工程外部: c:/Users/PC/Desktop/fec_verf/prj/fec_lasercom/fec_lasercom.gen/gtwizard_ultrascale_0/ip/gtwizard_ultrascale_0/synth/gtwizard_ultrascale_0.xdc
【警告】文件似乎仍在工程外部: c:/Users/PC/Desktop/fec_verf/prj/fec_lasercom/fec_lasercom.gen/gtwizard_ultrascale_0/ip/gtwizard_ultrascale_0/hdl/gtwizard_ultrascale_v1_7_bit_sync.v
【警告】文件似乎仍在工程外部: c:/Users/PC/Desktop/fec_verf/prj/fec_lasercom/fec_lasercom.gen/gtwizard_ultrascale_0/ip/gtwizard_ultrascale_0/hdl/gtwizard_ultrascale_v1_7_gte4_drp_arb.v
【警告】文件似乎仍在工程外部: c:/Users/PC/Desktop/fec_verf/prj/fec_lasercom/fec_lasercom.gen/gtwizard_ultrascale_0/ip/gtwizard_ultrascale_0/hdl/gtwizard_ultrascale_v1_7_gthe4_delay_powergood.v
【警告】文件似乎仍在工程外部: c:/Users/PC/Desktop/fec_verf/prj/fec_lasercom/fec_lasercom.gen/gtwizard_ultrascale_0/ip/gtwizard_ultrascale_0/hdl/gtwizard_ultrascale_v1_7_gtye4_delay_powergood.v
【警告】文件似乎仍在工程外部: c:/Users/PC/Desktop/fec_verf/prj/fec_lasercom/fec_lasercom.gen/gtwizard_ultrascale_0/ip/gtwizard_ultrascale_0/hdl/gtwizard_ultrascale_v1_7_gthe3_cpll_cal.v
【警告】文件似乎仍在工程外部: c:/Users/PC/Desktop/fec_verf/prj/fec_lasercom/fec_lasercom.gen/gtwizard_ultrascale_0/ip/gtwizard_ultrascale_0/hdl/gtwizard_ultrascale_v1_7_gthe3_cal_freqcnt.v
【警告】文件似乎仍在工程外部: c:/Users/PC/Desktop/fec_verf/prj/fec_lasercom/fec_lasercom.gen/gtwizard_ultrascale_0/ip/gtwizard_ultrascale_0/hdl/gtwizard_ultrascale_v1_7_gthe4_cpll_cal.v
【警告】文件似乎仍在工程外部: c:/Users/PC/Desktop/fec_verf/prj/fec_lasercom/fec_lasercom.gen/gtwizard_ultrascale_0/ip/gtwizard_ultrascale_0/hdl/gtwizard_ultrascale_v1_7_gthe4_cpll_cal_rx.v
【警告】文件似乎仍在工程外部: c:/Users/PC/Desktop/fec_verf/prj/fec_lasercom/fec_lasercom.gen/gtwizard_ultrascale_0/ip/gtwizard_ultrascale_0/hdl/gtwizard_ultrascale_v1_7_gthe4_cpll_cal_tx.v
【警告】文件似乎仍在工程外部: c:/Users/PC/Desktop/fec_verf/prj/fec_lasercom/fec_lasercom.gen/gtwizard_ultrascale_0/ip/gtwizard_ultrascale_0/hdl/gtwizard_ultrascale_v1_7_gthe4_cal_freqcnt.v
【警告】文件似乎仍在工程外部: c:/Users/PC/Desktop/fec_verf/prj/fec_lasercom/fec_lasercom.gen/gtwizard_ultrascale_0/ip/gtwizard_ultrascale_0/hdl/gtwizard_ultrascale_v1_7_gtye4_cpll_cal.v
【警告】文件似乎仍在工程外部: c:/Users/PC/Desktop/fec_verf/prj/fec_lasercom/fec_lasercom.gen/gtwizard_ultrascale_0/ip/gtwizard_ultrascale_0/hdl/gtwizard_ultrascale_v1_7_gtye4_cpll_cal_rx.v
【警告】文件似乎仍在工程外部: c:/Users/PC/Desktop/fec_verf/prj/fec_lasercom/fec_lasercom.gen/gtwizard_ultrascale_0/ip/gtwizard_ultrascale_0/hdl/gtwizard_ultrascale_v1_7_gtye4_cpll_cal_tx.v
【警告】文件似乎仍在工程外部: c:/Users/PC/Desktop/fec_verf/prj/fec_lasercom/fec_lasercom.gen/gtwizard_ultrascale_0/ip/gtwizard_ultrascale_0/hdl/gtwizard_ultrascale_v1_7_gtye4_cal_freqcnt.v
【警告】文件似乎仍在工程外部: c:/Users/PC/Desktop/fec_verf/prj/fec_lasercom/fec_lasercom.gen/gtwizard_ultrascale_0/ip/gtwizard_ultrascale_0/hdl/gtwizard_ultrascale_v1_7_gtwiz_buffbypass_rx.v
【警告】文件似乎仍在工程外部: c:/Users/PC/Desktop/fec_verf/prj/fec_lasercom/fec_lasercom.gen/gtwizard_ultrascale_0/ip/gtwizard_ultrascale_0/hdl/gtwizard_ultrascale_v1_7_gtwiz_buffbypass_tx.v
【警告】文件似乎仍在工程外部: c:/Users/PC/Desktop/fec_verf/prj/fec_lasercom/fec_lasercom.gen/gtwizard_ultrascale_0/ip/gtwizard_ultrascale_0/hdl/gtwizard_ultrascale_v1_7_gtwiz_reset.v
【警告】文件似乎仍在工程外部: c:/Users/PC/Desktop/fec_verf/prj/fec_lasercom/fec_lasercom.gen/gtwizard_ultrascale_0/ip/gtwizard_ultrascale_0/hdl/gtwizard_ultrascale_v1_7_gtwiz_userclk_rx.v
【警告】文件似乎仍在工程外部: c:/Users/PC/Desktop/fec_verf/prj/fec_lasercom/fec_lasercom.gen/gtwizard_ultrascale_0/ip/gtwizard_ultrascale_0/hdl/gtwizard_ultrascale_v1_7_gtwiz_userclk_tx.v
【警告】文件似乎仍在工程外部: c:/Users/PC/Desktop/fec_verf/prj/fec_lasercom/fec_lasercom.gen/gtwizard_ultrascale_0/ip/gtwizard_ultrascale_0/hdl/gtwizard_ultrascale_v1_7_gtwiz_userdata_rx.v
【警告】文件似乎仍在工程外部: c:/Users/PC/Desktop/fec_verf/prj/fec_lasercom/fec_lasercom.gen/gtwizard_ultrascale_0/ip/gtwizard_ultrascale_0/hdl/gtwizard_ultrascale_v1_7_gtwiz_userdata_tx.v
【警告】文件似乎仍在工程外部: c:/Users/PC/Desktop/fec_verf/prj/fec_lasercom/fec_lasercom.gen/gtwizard_ultrascale_0/ip/gtwizard_ultrascale_0/hdl/gtwizard_ultrascale_v1_7_reset_sync.v
【警告】文件似乎仍在工程外部: c:/Users/PC/Desktop/fec_verf/prj/fec_lasercom/fec_lasercom.gen/gtwizard_ultrascale_0/ip/gtwizard_ultrascale_0/hdl/gtwizard_ultrascale_v1_7_reset_inv_sync.v
【警告】文件似乎仍在工程外部: c:/Users/PC/Desktop/fec_verf/prj/fec_lasercom/fec_lasercom.gen/gtwizard_ultrascale_0/ip/gtwizard_ultrascale_0/synth/gtwizard_ultrascale_v1_7_gthe4_channel.v
【警告】文件似乎仍在工程外部: c:/Users/PC/Desktop/fec_verf/prj/fec_lasercom/fec_lasercom.gen/gtwizard_ultrascale_0/ip/gtwizard_ultrascale_0/synth/gtwizard_ultrascale_0_gthe4_channel_wrapper.v
【警告】文件似乎仍在工程外部: c:/Users/PC/Desktop/fec_verf/prj/fec_lasercom/fec_lasercom.gen/gtwizard_ultrascale_0/ip/gtwizard_ultrascale_0/synth/gtwizard_ultrascale_v1_7_gthe4_common.v
【警告】文件似乎仍在工程外部: c:/Users/PC/Desktop/fec_verf/prj/fec_lasercom/fec_lasercom.gen/gtwizard_ultrascale_0/ip/gtwizard_ultrascale_0/synth/gtwizard_ultrascale_0_gthe4_common_wrapper.v
【警告】文件似乎仍在工程外部: c:/Users/PC/Desktop/fec_verf/prj/fec_lasercom/fec_lasercom.gen/gtwizard_ultrascale_0/ip/gtwizard_ultrascale_0/synth/gtwizard_ultrascale_0_gtwizard_gthe4.v
【警告】文件似乎仍在工程外部: c:/Users/PC/Desktop/fec_verf/prj/fec_lasercom/fec_lasercom.gen/gtwizard_ultrascale_0/ip/gtwizard_ultrascale_0/synth/gtwizard_ultrascale_0_gtwizard_top.v
【警告】文件似乎仍在工程外部: c:/Users/PC/Desktop/fec_verf/prj/fec_lasercom/fec_lasercom.gen/gtwizard_ultrascale_0/ip/gtwizard_ultrascale_0/synth/gtwizard_ultrascale_0.v
【注意】仍有 93 个文件可能未被复制，请检查是否为IP核或系统库文件。
------------------------------------------------
reset_target all [get_ips *]
generate_target all [get_ips *]
INFO: [IP_Flow 19-1686] Generating 'Instantiation Template' target for IP 'async_fifo_32w_32r'...
INFO: [IP_Flow 19-1686] Generating 'Synthesis' target for IP 'async_fifo_32w_32r'...
INFO: [IP_Flow 19-1686] Generating 'Simulation' target for IP 'async_fifo_32w_32r'...
INFO: [IP_Flow 19-1686] Generating 'Change Log' target for IP 'async_fifo_32w_32r'...
INFO: [IP_Flow 19-1686] Generating 'Instantiation Template' target for IP 'clk_wiz_sys'...
INFO: [IP_Flow 19-1686] Generating 'Synthesis' target for IP 'clk_wiz_sys'...
INFO: [IP_Flow 19-1686] Generating 'Simulation' target for IP 'clk_wiz_sys'...
INFO: [IP_Flow 19-1686] Generating 'Implementation' target for IP 'clk_wiz_sys'...
INFO: [IP_Flow 19-1686] Generating 'Change Log' target for IP 'clk_wiz_sys'...
INFO: [IP_Flow 19-1686] Generating 'Instantiation Template' target for IP 'fifo_0'...
INFO: [IP_Flow 19-1686] Generating 'Synthesis' target for IP 'fifo_0'...
INFO: [IP_Flow 19-1686] Generating 'Simulation' target for IP 'fifo_0'...
INFO: [IP_Flow 19-1686] Generating 'Change Log' target for IP 'fifo_0'...
INFO: [IP_Flow 19-1686] Generating 'Instantiation Template' target for IP 'gtwizard_ultrascale_0'...
INFO: [IP_Flow 19-1686] Generating 'Synthesis' target for IP 'gtwizard_ultrascale_0'...
INFO: [Device 21-403] Loading part xczu15eg-ffvb1156-2-i
INFO: [IP_Flow 19-1686] Generating 'Simulation' target for IP 'gtwizard_ultrascale_0'...
INFO: [IP_Flow 19-1686] Generating 'Change Log' target for IP 'gtwizard_ultrascale_0'...
INFO: [IP_Flow 19-1686] Generating 'Instantiation Template' target for IP 'rs_decoder_0'...
INFO: [IP_Flow 19-1686] Generating 'Synthesis' target for IP 'rs_decoder_0'...
INFO: [IP_Flow 19-1686] Generating 'Simulation' target for IP 'rs_decoder_0'...
INFO: [IP_Flow 19-1686] Generating 'Test Bench' target for IP 'rs_decoder_0'...
INFO: [IP_Flow 19-1686] Generating 'Change Log' target for IP 'rs_decoder_0'...
INFO: [IP_Flow 19-1686] Generating 'Instantiation Template' target for IP 'rs_encoder_0'...
INFO: [IP_Flow 19-1686] Generating 'Synthesis' target for IP 'rs_encoder_0'...
INFO: [IP_Flow 19-1686] Generating 'Simulation' target for IP 'rs_encoder_0'...
INFO: [IP_Flow 19-1686] Generating 'Test Bench' target for IP 'rs_encoder_0'...
INFO: [IP_Flow 19-1686] Generating 'Change Log' target for IP 'rs_encoder_0'...
generate_target: Time (s): cpu = 00:00:11 ; elapsed = 00:00:13 . Memory (MB): peak = 2568.699 ; gain = 1090.656
# ==============================================================================
# Vivado 工程源文件目录结构重构脚本
# 功能：将散乱或深层嵌套的用户代码移动到工程根目录下的 /rtl 文件夹中
# ==============================================================================
# 1. 设置目标目录名称 (默认: rtl)
set target_folder_name "rtl"
rtl
# 获取当前工程路径
set proj_dir [get_property DIRECTORY [current_project]]
C:/Users/PC/Desktop/fec_verf/prj/fec_lasercom
set new_src_dir [file join $proj_dir $target_folder_name]
C:/Users/PC/Desktop/fec_verf/prj/fec_lasercom/rtl
puts "--------------------------------------------------------"
--------------------------------------------------------
puts "【步骤 1】正在创建标准目录: $new_src_dir"
【步骤 1】正在创建标准目录: C:/Users/PC/Desktop/fec_verf/prj/fec_lasercom/rtl
# 如果目录不存在则创建
if {![file exists $new_src_dir]} {
    file mkdir $new_src_dir
    puts " -> 目录已创建。"
} else {
    puts " -> 目录已存在，将合并文件到此目录。"
}
 -> 目录已创建。
puts "--------------------------------------------------------"
--------------------------------------------------------
puts "【步骤 2】开始扫描并移动源文件..."
【步骤 2】开始扫描并移动源文件...
# 获取所有 Design Sources (排除仿真文件和约束文件)
# 这里的过滤条件是：在 sources_1 集合中
set files [get_files -of_objects [get_filesets sources_1]]
C:/Users/PC/Desktop/fec_verf/prj/fec_lasercom/fec_lasercom.srcs/sources_1/imports/Desktop/fec_verf/src/sources_1/new/1/AdditiveScrambler.v C:/Users/PC/Desktop/fec_verf/prj/fec_lasercom/fec_lasercom.srcs/sources_1/imports/Desktop/fec_verf/src/sources_1/new/axis_fifo_sync.v C:/Users/PC/Desktop/fec_verf/prj/fec_lasercom/fec_lasercom.srcs/sources_1/imports/Desktop/fec_verf/src/sources_1/new/1/bit_aligner_ind.v C:/Users/PC/Desktop/fec_verf/prj/fec_lasercom/fec_lasercom.srcs/sources_1/imports/Desktop/fec_verf/src/sources_1/new/1/crc32.v C:/Users/PC/Desktop/fec_verf/prj/fec_lasercom/fec_lasercom.srcs/sources_1/imports/Desktop/fec_verf/src/sources_1/new/fec_rx.v C:/Users/PC/Desktop/fec_verf/prj/fec_lasercom/fec_lasercom.srcs/sources_1/imports/Desktop/fec_verf/src/sources_1/new/fifo_8b_flag_sync.v C:/Users/PC/Desktop/fec_verf/prj/fec_lasercom/fec_lasercom.srcs/sources_1/imports/Desktop/fec_verf/src/sources_1/new/1/fso_deframer.v C:/Users/PC/Desktop/fec_verf/prj/fec_lasercom/fec_lasercom.srcs/sources_1/imports/Desktop/fec_verf/src/sources_1/new/gearbox_32to8.v C:/Users/PC/Desktop/fec_verf/prj/fec_lasercom/fec_lasercom.srcs/sources_1/imports/Desktop/fec_verf/src/sources_1/new/gth_raw_top.v C:/Users/PC/Desktop/fec_verf/prj/fec_lasercom/fec_lasercom.srcs/sources_1/new/gtwizard_ultrascale_0_prbs_any.v C:/Users/PC/Desktop/fec_verf/prj/fec_lasercom/fec_lasercom.srcs/sources_1/imports/Desktop/fps/EnDec/project_1/project_1.srcs/sim_1/new/rs_Deinterleaver_xpm.v C:/Users/PC/Desktop/fec_verf/prj/fec_lasercom/fec_lasercom.srcs/sources_1/imports/Desktop/fec_verf/src/sources_1/new/rs_decode_backend.v C:/Users/PC/Desktop/fec_verf/prj/fec_lasercom/fec_lasercom.srcs/sources_1/imports/Desktop/fec_verf/src/sources_1/new/uart_rx.v C:/Users/PC/Desktop/fec_verf/prj/fec_lasercom/fec_lasercom.srcs/sources_1/imports/Desktop/fec_verf/src/sources_1/new/uart_tx.v C:/Users/PC/Desktop/fec_verf/prj/fec_lasercom/fec_lasercom.srcs/sources_1/new/fec_rx_fpga_top.v C:/Users/PC/Desktop/fec_verf/prj/fec_lasercom/fec_lasercom.srcs/sources_1/imports/Desktop/fec_verf/src/sources_1/new/fec_tx.v C:/Users/PC/Desktop/fec_verf/prj/fec_lasercom/fec_lasercom.srcs/sources_1/imports/Desktop/fec_verf/src/sources_1/new/1/fso_framer.v C:/Users/PC/Desktop/fec_verf/prj/fec_lasercom/fec_lasercom.srcs/sources_1/imports/Desktop/fec_verf/src/sources_1/new/gearbox_8to32_bs.v C:/Users/PC/Desktop/fec_verf/prj/fec_lasercom/fec_lasercom.srcs/sources_1/imports/Desktop/fec_verf/src/sources_1/new/rs_encode_frontend.v C:/Users/PC/Desktop/fec_verf/prj/fec_lasercom/fec_lasercom.srcs/sources_1/imports/Desktop/fec_verf/src/sources_1/new/rs_interleaver_xpm.v C:/Users/PC/Desktop/fec_verf/prj/fec_lasercom/fec_lasercom.srcs/sources_1/new/fec_tx_fpga_top.v C:/Users/PC/Desktop/fec_verf/prj/fec_lasercom/fec_lasercom.srcs/sources_1/new/rs_backend_fifo.v C:/Users/PC/Desktop/fec_verf/prj/fec_lasercom/fec_lasercom.srcs/sources_1/imports/Desktop/fec_verf/src/rs_decode_backend_x4.v C:/Users/PC/Desktop/fec_verf/prj/fec_lasercom/fec_lasercom.srcs/sources_1/imports/Desktop/fec_verf/src/rs_decoder_parallel_32b.v C:/Users/PC/Desktop/fec_verf/prj/fec_lasercom/fec_lasercom.srcs/sources_1/imports/Desktop/fec_verf/src/rs_encoder_parallel_32b.v
set move_count 0
0
foreach f $files {
    # 获取文件名和扩展名
    set fname [file tail $f]
    set fext [file extension $fname]
    
    # --- 过滤器：只处理用户代码 ---
    # 排除 Xilinx IP (.xci), Block Design (.bd), 此时也不处理 .xdc
    if {$fext == ".xci" || $fext == ".bd" || $fext == ".xdc" || $fext == ".dcp"} {
        continue
    }
    
    # 排除已经在目标目录下的文件
    set f_normalized [file normalize $f]
    set new_src_dir_normalized [file normalize $new_src_dir]
    if {[string first $new_src_dir_normalized $f_normalized] != -1} {
        continue
    }

    # --- 执行移动逻辑 ---
    set new_file_path [file join $new_src_dir $fname]
    
    puts " -> 处理: $fname"
    
    # A. 物理复制文件
    # 使用 -force 覆盖旧文件（如果有）
    if {[catch {file copy -force $f $new_file_path} err]} {
        puts "    [错误] 无法复制文件: $err"
        continue
    }
    
    # B. 从工程中移除旧引用
    remove_files $f
    
    # C. 添加新文件引用
    # -norecurse: 不递归扫描子目录
    # -scan_for_includes: 扫描头文件包含
    add_files -norecurse -scan_for_includes $new_file_path
    
    incr move_count
}
 -> 处理: AdditiveScrambler.v
 -> 处理: axis_fifo_sync.v
 -> 处理: bit_aligner_ind.v
 -> 处理: crc32.v
 -> 处理: fec_rx.v
 -> 处理: fifo_8b_flag_sync.v
 -> 处理: fso_deframer.v
 -> 处理: gearbox_32to8.v
 -> 处理: gth_raw_top.v
 -> 处理: gtwizard_ultrascale_0_prbs_any.v
 -> 处理: rs_Deinterleaver_xpm.v
 -> 处理: rs_decode_backend.v
 -> 处理: uart_rx.v
 -> 处理: uart_tx.v
 -> 处理: fec_rx_fpga_top.v
 -> 处理: fec_tx.v
 -> 处理: fso_framer.v
 -> 处理: gearbox_8to32_bs.v
 -> 处理: rs_encode_frontend.v
 -> 处理: rs_interleaver_xpm.v
 -> 处理: fec_tx_fpga_top.v
 -> 处理: rs_backend_fifo.v
 -> 处理: rs_decode_backend_x4.v
 -> 处理: rs_decoder_parallel_32b.v
 -> 处理: rs_encoder_parallel_32b.v
puts "--------------------------------------------------------"
--------------------------------------------------------
if {$move_count > 0} {
    puts "【完成】成功重构 $move_count 个文件！"
    puts "所有代码现已位于: $new_src_dir"
    puts "注意：原来的深层文件夹（imports/...）依然保留在硬盘上，"
    puts "确认新结构无误后，你可以手动删除它们以清理空间。"
} else {
    puts "【提示】没有发现需要移动的文件（可能文件已经在 rtl 目录中，或全是 IP 核）。"
}
【完成】成功重构 25 个文件！
所有代码现已位于: C:/Users/PC/Desktop/fec_verf/prj/fec_lasercom/rtl
注意：原来的深层文件夹（imports/...）依然保留在硬盘上，
确认新结构无误后，你可以手动删除它们以清理空间。
puts "--------------------------------------------------------"
--------------------------------------------------------
# 自动更新编译顺序
update_compile_order -fileset sources_1
INFO: [Vivado 12-3458] The update_compile_order command is not intended for use in the GUI, where compile order updates occur based on project changes and the hierarchy update settings. No update performed.
update_compile_order -fileset sources_1
puts "---------------- 检查文件路径 ----------------"
---------------- 检查文件路径 ----------------
foreach f [get_files *.v] {
    # 只显示非 IP 核的源文件
    if {[string match "*.gen*" $f] == 0} {
        puts $f
    }
}
C:/Users/PC/Desktop/fec_verf/prj/fec_lasercom/rtl/AdditiveScrambler.v
C:/Users/PC/Desktop/fec_verf/prj/fec_lasercom/rtl/axis_fifo_sync.v
C:/Users/PC/Desktop/fec_verf/prj/fec_lasercom/rtl/bit_aligner_ind.v
C:/Users/PC/Desktop/fec_verf/prj/fec_lasercom/rtl/crc32.v
C:/Users/PC/Desktop/fec_verf/prj/fec_lasercom/rtl/fec_rx.v
C:/Users/PC/Desktop/fec_verf/prj/fec_lasercom/rtl/fifo_8b_flag_sync.v
C:/Users/PC/Desktop/fec_verf/prj/fec_lasercom/rtl/fso_deframer.v
C:/Users/PC/Desktop/fec_verf/prj/fec_lasercom/rtl/gearbox_32to8.v
C:/Users/PC/Desktop/fec_verf/prj/fec_lasercom/rtl/gth_raw_top.v
C:/Users/PC/Desktop/fec_verf/prj/fec_lasercom/rtl/gtwizard_ultrascale_0_prbs_any.v
C:/Users/PC/Desktop/fec_verf/prj/fec_lasercom/rtl/rs_Deinterleaver_xpm.v
C:/Users/PC/Desktop/fec_verf/prj/fec_lasercom/rtl/rs_decode_backend.v
C:/Users/PC/Desktop/fec_verf/prj/fec_lasercom/rtl/uart_rx.v
C:/Users/PC/Desktop/fec_verf/prj/fec_lasercom/rtl/uart_tx.v
C:/Users/PC/Desktop/fec_verf/prj/fec_lasercom/rtl/fec_rx_fpga_top.v
C:/Users/PC/Desktop/fec_verf/prj/fec_lasercom/rtl/fec_tx.v
C:/Users/PC/Desktop/fec_verf/prj/fec_lasercom/rtl/fso_framer.v
C:/Users/PC/Desktop/fec_verf/prj/fec_lasercom/rtl/gearbox_8to32_bs.v
C:/Users/PC/Desktop/fec_verf/prj/fec_lasercom/rtl/rs_encode_frontend.v
C:/Users/PC/Desktop/fec_verf/prj/fec_lasercom/rtl/rs_interleaver_xpm.v
C:/Users/PC/Desktop/fec_verf/prj/fec_lasercom/rtl/fec_tx_fpga_top.v
C:/Users/PC/Desktop/fec_verf/prj/fec_lasercom/rtl/rs_backend_fifo.v
C:/Users/PC/Desktop/fec_verf/prj/fec_lasercom/rtl/rs_decode_backend_x4.v
C:/Users/PC/Desktop/fec_verf/prj/fec_lasercom/rtl/rs_decoder_parallel_32b.v
C:/Users/PC/Desktop/fec_verf/prj/fec_lasercom/rtl/rs_encoder_parallel_32b.v
C:/Users/PC/Desktop/fec_verf/prj/fec_lasercom/fec_lasercom.srcs/sim_1/new/tb_rs_codec_parallel_32b.v
puts "--------------------------------------------"
--------------------------------------------
puts "---------------- 检查 IP 核 (.xci) 路径 ----------------"
---------------- 检查 IP 核 (.xci) 路径 ----------------
foreach f [get_files *.xci] {
    puts $f
}
C:/Users/PC/Desktop/fec_verf/prj/fec_lasercom/fec_lasercom.srcs/rs_decoder_0/ip/rs_decoder_0/rs_decoder_0.xci
C:/Users/PC/Desktop/fec_verf/prj/fec_lasercom/fec_lasercom.srcs/rs_encoder_0/ip/rs_encoder_0/rs_encoder_0.xci
C:/Users/PC/Desktop/fec_verf/prj/fec_lasercom/fec_lasercom.srcs/fifo_0/ip/fifo_0/fifo_0.xci
C:/Users/PC/Desktop/fec_verf/prj/fec_lasercom/fec_lasercom.srcs/clk_wiz_sys/ip/clk_wiz_sys/clk_wiz_sys.xci
C:/Users/PC/Desktop/fec_verf/prj/fec_lasercom/fec_lasercom.srcs/async_fifo_32w_32r/ip/async_fifo_32w_32r/async_fifo_32w_32r.xci
C:/Users/PC/Desktop/fec_verf/prj/fec_lasercom/fec_lasercom.srcs/gtwizard_ultrascale_0/ip/gtwizard_ultrascale_0/gtwizard_ultrascale_0.xci
puts "--------------------------------------------------------"
--------------------------------------------------------
reset_run rs_decoder_0_synth_1
reset_run clk_wiz_sys_synth_1
reset_run async_fifo_32w_32r_synth_1
reset_run gtwizard_ultrascale_0_synth_1
reset_run synth_1
INFO: [Project 1-1160] Copying file C:/Users/PC/Desktop/fec_verf/prj/fec_lasercom/fec_lasercom.runs/synth_1/fec_tx_fpga_top.dcp to C:/Users/PC/Desktop/fec_verf/prj/fec_lasercom/fec_lasercom.srcs/utils_1/imports/synth_1 and adding it to utils fileset
launch_runs synth_1 -jobs 32
WARNING: [HDL 9-3756] overwriting previous definition of module 'rs_backend_fifo' [C:/Users/PC/Desktop/fec_verf/prj/fec_lasercom/rtl/rs_decode_backend.v:552]
WARNING: [filemgmt 20-1318] Duplicate Design Unit 'rs_backend_fifo()' found in library 'xil_defaultlib'
Duplicate found at line 7 of file C:/Users/PC/Desktop/fec_verf/prj/fec_lasercom/rtl/rs_backend_fifo.v
	(Active) Duplicate found at line 552 of file C:/Users/PC/Desktop/fec_verf/prj/fec_lasercom/rtl/rs_decode_backend.v
[Thu Jan 29 21:22:01 2026] Launched rs_decoder_0_synth_1, clk_wiz_sys_synth_1, async_fifo_32w_32r_synth_1, gtwizard_ultrascale_0_synth_1...
Run output will be captured here:
rs_decoder_0_synth_1: C:/Users/PC/Desktop/fec_verf/prj/fec_lasercom/fec_lasercom.runs/rs_decoder_0_synth_1/runme.log
clk_wiz_sys_synth_1: C:/Users/PC/Desktop/fec_verf/prj/fec_lasercom/fec_lasercom.runs/clk_wiz_sys_synth_1/runme.log
async_fifo_32w_32r_synth_1: C:/Users/PC/Desktop/fec_verf/prj/fec_lasercom/fec_lasercom.runs/async_fifo_32w_32r_synth_1/runme.log
gtwizard_ultrascale_0_synth_1: C:/Users/PC/Desktop/fec_verf/prj/fec_lasercom/fec_lasercom.runs/gtwizard_ultrascale_0_synth_1/runme.log
[Thu Jan 29 21:22:01 2026] Launched synth_1...
Run output will be captured here: C:/Users/PC/Desktop/fec_verf/prj/fec_lasercom/fec_lasercom.runs/synth_1/runme.log
puts "---------------- 检查约束文件 (.xdc) 路径 ----------------"
---------------- 检查约束文件 (.xdc) 路径 ----------------
# 获取 constrs_1 约束集中的所有 xdc 文件
foreach f [get_files -of_objects [get_filesets constrs_1]] {
    puts $f
}
C:/Users/PC/Desktop/fec_verf/prj/fec_lasercom/fec_lasercom.srcs/constrs_1/imports/new/system_cons.xdc
puts "--------------------------------------------------------"
--------------------------------------------------------
# ==============================================================================
# 约束文件(.xdc) 整理脚本
# ==============================================================================
set target_folder_name "constraints"
constraints
set proj_dir [get_property DIRECTORY [current_project]]
C:/Users/PC/Desktop/fec_verf/prj/fec_lasercom
set new_xdc_dir [file join $proj_dir $target_folder_name]
C:/Users/PC/Desktop/fec_verf/prj/fec_lasercom/constraints
# 1. 创建文件夹
if {![file exists $new_xdc_dir]} {
    file mkdir $new_xdc_dir
}
# 2. 移动 XDC 文件
foreach f [get_files -of_objects [get_filesets constrs_1]] {
    # 只处理 .xdc 文件，且排除 IP 核生成的 (ooc/board/clocks)
    if {[string match "*.xdc" $f] && ![string match "*ooc.xdc" $f] && ![string match "*clocks.xdc" $f] && ![string match "*board.xdc" $f]} {
        
        set fname [file tail $f]
        set new_file_path [file join $new_xdc_dir $fname]
        
        puts " -> 正在移动约束文件: $fname"
        
        # 复制 & 移除旧引用 & 添加新引用
        if {[catch {file copy -force $f $new_file_path} err]} {
            puts "    [错误] 复制失败: $err"
        } else {
            remove_files $f
            add_files -fileset constrs_1 -norecurse $new_file_path
            puts "    [成功] 已移动到 /constraints 目录"
        }
    }
}
 -> 正在移动约束文件: system_cons.xdc
invalid command name "成功"
puts "---------------- 再次检查约束文件路径 ----------------"
---------------- 再次检查约束文件路径 ----------------
foreach f [get_files -of_objects [get_filesets constrs_1]] {
    puts $f
}
C:/Users/PC/Desktop/fec_verf/prj/fec_lasercom/constraints/system_cons.xdc
puts "----------------------------------------------------"
----------------------------------------------------
puts "---------------- 再次检查约束文件路径 ----------------"
---------------- 再次检查约束文件路径 ----------------
foreach f [get_files -of_objects [get_filesets constrs_1]] {
    puts $f
}
C:/Users/PC/Desktop/fec_verf/prj/fec_lasercom/constraints/system_cons.xdc
puts "----------------------------------------------------"
----------------------------------------------------
# ==============================================================================
# 约束文件(.xdc) 整理脚本 (修正版)
# ==============================================================================
set target_folder_name "constraints"
constraints
set proj_dir [get_property DIRECTORY [current_project]]
C:/Users/PC/Desktop/fec_verf/prj/fec_lasercom
set new_xdc_dir [file join $proj_dir $target_folder_name]
C:/Users/PC/Desktop/fec_verf/prj/fec_lasercom/constraints
if {![file exists $new_xdc_dir]} { file mkdir $new_xdc_dir }
foreach f [get_files -of_objects [get_filesets constrs_1]] {
    # 排除 IP 生成文件
    if {[string match "*.xdc" $f] && ![string match "*ooc.xdc" $f] && ![string match "*clocks.xdc" $f] && ![string match "*board.xdc" $f]} {
        
        set fname [file tail $f]
        set new_file_path [file join $new_xdc_dir $fname]
        
        # 检查是否已经移动过了，防止重复报错
        if {[string first $new_xdc_dir [file normalize $f]] != -1} {
            puts " -> [file tail $f] 已经在目标目录中，跳过。"
            continue
        }

        puts " -> 正在移动约束文件: $fname"
        
        if {[catch {file copy -force $f $new_file_path} err]} {
            puts "    \[错误\] 复制失败: $err"
        } else {
            remove_files $f
            add_files -fileset constrs_1 -norecurse $new_file_path
            # ★★★ 修正了这里：去掉了方括号，或者使用了转义 ★★★
            puts "    \[成功\] 已移动到 /constraints 目录"
        }
    }
}
 -> system_cons.xdc 已经在目标目录中，跳过。
puts "---------------- 再次检查约束文件路径 ----------------"
---------------- 再次检查约束文件路径 ----------------
foreach f [get_files -of_objects [get_filesets constrs_1]] {
    puts $f
}
C:/Users/PC/Desktop/fec_verf/prj/fec_lasercom/constraints/system_cons.xdc
puts "----------------------------------------------------"
----------------------------------------------------
reset_run synth_1
launch_runs synth_1 -jobs 32
WARNING: [HDL 9-3756] overwriting previous definition of module 'rs_backend_fifo' [C:/Users/PC/Desktop/fec_verf/prj/fec_lasercom/rtl/rs_decode_backend.v:552]
WARNING: [filemgmt 20-1318] Duplicate Design Unit 'rs_backend_fifo()' found in library 'xil_defaultlib'
Duplicate found at line 7 of file C:/Users/PC/Desktop/fec_verf/prj/fec_lasercom/rtl/rs_backend_fifo.v
	(Active) Duplicate found at line 552 of file C:/Users/PC/Desktop/fec_verf/prj/fec_lasercom/rtl/rs_decode_backend.v
[Thu Jan 29 21:25:24 2026] Launched synth_1...
Run output will be captured here: C:/Users/PC/Desktop/fec_verf/prj/fec_lasercom/fec_lasercom.runs/synth_1/runme.log
close [ open C:/Users/PC/Desktop/fec_verf/prj/fec_lasercom/fec_lasercom.srcs/sources_1/new/global_defines.vh w ]
add_files C:/Users/PC/Desktop/fec_verf/prj/fec_lasercom/fec_lasercom.srcs/sources_1/new/global_defines.vh
update_compile_order -fileset sources_1
update_compile_order -fileset sources_1
set_property is_global_include true [get_files  C:/Users/PC/Desktop/fec_verf/prj/fec_lasercom/rtl/rs_Deinterleaver_xpm.v]
reset_run synth_1
launch_runs synth_1 -jobs 32
WARNING: [HDL 9-3756] overwriting previous definition of module 'rs_backend_fifo' [C:/Users/PC/Desktop/fec_verf/prj/fec_lasercom/rtl/rs_decode_backend.v:552]
WARNING: [filemgmt 20-1318] Duplicate Design Unit 'rs_backend_fifo()' found in library 'xil_defaultlib'
Duplicate found at line 7 of file C:/Users/PC/Desktop/fec_verf/prj/fec_lasercom/rtl/rs_backend_fifo.v
	(Active) Duplicate found at line 552 of file C:/Users/PC/Desktop/fec_verf/prj/fec_lasercom/rtl/rs_decode_backend.v
[Thu Jan 29 21:28:05 2026] Launched synth_1...
Run output will be captured here: C:/Users/PC/Desktop/fec_verf/prj/fec_lasercom/fec_lasercom.runs/synth_1/runme.log
reset_run synth_1
launch_runs synth_1 -jobs 32
WARNING: [HDL 9-3756] overwriting previous definition of module 'rs_backend_fifo' [C:/Users/PC/Desktop/fec_verf/prj/fec_lasercom/rtl/rs_decode_backend.v:552]
WARNING: [filemgmt 20-1318] Duplicate Design Unit 'rs_backend_fifo()' found in library 'xil_defaultlib'
Duplicate found at line 7 of file C:/Users/PC/Desktop/fec_verf/prj/fec_lasercom/rtl/rs_backend_fifo.v
	(Active) Duplicate found at line 552 of file C:/Users/PC/Desktop/fec_verf/prj/fec_lasercom/rtl/rs_decode_backend.v
[Thu Jan 29 21:29:09 2026] Launched synth_1...
Run output will be captured here: C:/Users/PC/Desktop/fec_verf/prj/fec_lasercom/fec_lasercom.runs/synth_1/runme.log
launch_runs impl_1 -jobs 32
[Thu Jan 29 21:31:51 2026] Launched impl_1...
Run output will be captured here: C:/Users/PC/Desktop/fec_verf/prj/fec_lasercom/fec_lasercom.runs/impl_1/runme.log
update_compile_order -fileset sources_1
reset_run impl_1
launch_runs impl_1 -jobs 32
[Thu Jan 29 21:42:01 2026] Launched impl_1...
Run output will be captured here: C:/Users/PC/Desktop/fec_verf/prj/fec_lasercom/fec_lasercom.runs/impl_1/runme.log
set_property CONFIG.erase {false} [get_ips rs_decoder_0]
generate_target all [get_files  C:/Users/PC/Desktop/fec_verf/prj/fec_lasercom/fec_lasercom.srcs/rs_decoder_0/ip/rs_decoder_0/rs_decoder_0.xci]
INFO: [IP_Flow 19-1686] Generating 'Instantiation Template' target for IP 'rs_decoder_0'...
INFO: [IP_Flow 19-1686] Generating 'Synthesis' target for IP 'rs_decoder_0'...
INFO: [IP_Flow 19-1686] Generating 'Simulation' target for IP 'rs_decoder_0'...
INFO: [IP_Flow 19-1686] Generating 'Test Bench' target for IP 'rs_decoder_0'...
INFO: [IP_Flow 19-1686] Generating 'Change Log' target for IP 'rs_decoder_0'...
catch { config_ip_cache -export [get_ips -all rs_decoder_0] }
INFO: [IP_Flow 19-6924] IPCACHE: Running cache check for IP inst: rs_decoder_0
export_ip_user_files -of_objects [get_files C:/Users/PC/Desktop/fec_verf/prj/fec_lasercom/fec_lasercom.srcs/rs_decoder_0/ip/rs_decoder_0/rs_decoder_0.xci] -no_script -sync -force -quiet
reset_run rs_decoder_0_synth_1
launch_runs rs_decoder_0_synth_1 -jobs 32
INFO: [IP_Flow 19-6924] IPCACHE: Running cache check for IP inst: rs_decoder_0
[Thu Jan 29 21:50:57 2026] Launched rs_decoder_0_synth_1...
Run output will be captured here: C:/Users/PC/Desktop/fec_verf/prj/fec_lasercom/fec_lasercom.runs/rs_decoder_0_synth_1/runme.log
export_simulation -lib_map_path [list {modelsim=C:/Users/PC/Desktop/fec_verf/prj/fec_lasercom/fec_lasercom.cache/compile_simlib/modelsim} {questa=C:/Users/PC/Desktop/fec_verf/prj/fec_lasercom/fec_lasercom.cache/compile_simlib/questa} {riviera=C:/Users/PC/Desktop/fec_verf/prj/fec_lasercom/fec_lasercom.cache/compile_simlib/riviera} {activehdl=C:/Users/PC/Desktop/fec_verf/prj/fec_lasercom/fec_lasercom.cache/compile_simlib/activehdl}] -of_objects [get_files C:/Users/PC/Desktop/fec_verf/prj/fec_lasercom/fec_lasercom.srcs/rs_decoder_0/ip/rs_decoder_0/rs_decoder_0.xci] -directory C:/Users/PC/Desktop/fec_verf/prj/fec_lasercom/fec_lasercom.ip_user_files/sim_scripts -ip_user_files_dir C:/Users/PC/Desktop/fec_verf/prj/fec_lasercom/fec_lasercom.ip_user_files -ipstatic_source_dir C:/Users/PC/Desktop/fec_verf/prj/fec_lasercom/fec_lasercom.ip_user_files/ipstatic -use_ip_compiled_libs -force -quiet
reset_run synth_1
INFO: [Project 1-1161] Replacing file C:/Users/PC/Desktop/fec_verf/prj/fec_lasercom/fec_lasercom.srcs/utils_1/imports/synth_1/fec_tx_fpga_top.dcp with file C:/Users/PC/Desktop/fec_verf/prj/fec_lasercom/fec_lasercom.runs/synth_1/fec_rx_fpga_top.dcp
# ==============================================================================
# Vivado 双顶层并行编译脚本 (TX + RX)
# 功能：自动创建独立运行 -> 并行编译 -> 自动导出 Bitstream
# ==============================================================================
# 1. 配置参数
set tx_top "fec_tx_fpga_top"
fec_tx_fpga_top
set rx_top "fec_rx_fpga_top"
fec_rx_fpga_top
set jobs_cnt 8  ;# 根据你的CPU核心数调整，建议 8 或 12
8
puts "--------------------------------------------------------"
--------------------------------------------------------
puts " 开始配置双顶层并行编译环境..."
 开始配置双顶层并行编译环境...
puts " TX Top: $tx_top"
 TX Top: fec_tx_fpga_top
puts " RX Top: $rx_top"
 RX Top: fec_rx_fpga_top
puts "--------------------------------------------------------"
--------------------------------------------------------
# 获取默认的 run 配置作为模板 (通常是 synth_1 和 impl_1)
set base_synth "synth_1"
synth_1
set base_impl  "impl_1"
impl_1
set flow_synth [get_property FLOW [get_runs $base_synth]]
Vivado Synthesis 2024
set flow_impl  [get_property FLOW [get_runs $base_impl]]
Vivado Implementation 2024
set part_name  [get_property PART [current_project]]
xczu15eg-ffvb1156-2-i
# ==============================================================================
# 函数：创建或获取 Run
# ==============================================================================
proc prepare_run {run_prefix top_module base_s base_i flow_s flow_i part} {
    set s_run "synth_${run_prefix}"
    set i_run "impl_${run_prefix}"

    # 1. 准备综合 Run
    if {[get_runs -quiet $s_run] == ""} {
        puts " -> 创建综合 Run: $s_run"
        create_run $s_run -flow $flow_s -part $part
    }
    # 强制指定该 Run 的顶层模块 (关键步骤)
    set_property TOP $top_module [get_runs $s_run]
    
    # 2. 准备实现 Run
    if {[get_runs -quiet $i_run] == ""} {
        puts " -> 创建实现 Run: $i_run"
        create_run $i_run -parent_run $s_run -flow $flow_i -part $part
    }
    
    return $i_run
}
# ==============================================================================
# 2. 准备 TX 和 RX 的运行环境
# ==============================================================================
set tx_impl_run [prepare_run "tx" $tx_top $base_synth $base_impl $flow_synth $flow_impl $part_name]
 -> 创建综合 Run: synth_tx
Run is defaulting to srcset: sources_1
Run is defaulting to constrset: constrs_1
ERROR: [Common 17-54] The object 'run' does not have a property 'TOP'.
# ==============================================================================
# Vivado 双顶层并行编译脚本 (修正版)
# 功能：利用"切换-发射"机制实现并行编译
# ==============================================================================
# 1. 配置参数
set tx_top "fec_tx_fpga_top"
fec_tx_fpga_top
set rx_top "fec_rx_fpga_top"
fec_rx_fpga_top
set jobs_cnt 8  ;# 根据 CPU 核心数调整
8
puts "--------------------------------------------------------"
--------------------------------------------------------
puts " 开始配置双顶层并行编译环境 (Switch-and-Launch 模式)..."
 开始配置双顶层并行编译环境 (Switch-and-Launch 模式)...
puts "--------------------------------------------------------"
--------------------------------------------------------
# 获取基础配置
set base_synth "synth_1"
synth_1
set base_impl  "impl_1"
impl_1
set flow_synth [get_property FLOW [get_runs $base_synth]]
Vivado Synthesis 2024
set flow_impl  [get_property FLOW [get_runs $base_impl]]
Vivado Implementation 2024
set part_name  [get_property PART [current_project]]
xczu15eg-ffvb1156-2-i
# ==============================================================================
# 函数：准备 Run (不设置 TOP，只创建对象)
# ==============================================================================
proc prepare_run_obj {run_prefix base_s base_i flow_s flow_i part} {
    set s_run "synth_${run_prefix}"
    set i_run "impl_${run_prefix}"

    if {[get_runs -quiet $s_run] == ""} {
        puts " -> 创建综合 Run: $s_run"
        create_run $s_run -flow $flow_s -part $part
    }
    
    if {[get_runs -quiet $i_run] == ""} {
        puts " -> 创建实现 Run: $i_run"
        create_run $i_run -parent_run $s_run -flow $flow_i -part $part
    }
    return $i_run
}
# 1. 准备运行对象
set tx_impl_run [prepare_run_obj "tx" $base_synth $base_impl $flow_synth $flow_impl $part_name]
 -> 创建实现 Run: impl_tx
Run is defaulting to parent run srcset: sources_1
Run is defaulting to parent run constrset: constrs_1
impl_tx
set rx_impl_run [prepare_run_obj "rx" $base_synth $base_impl $flow_synth $flow_impl $part_name]
 -> 创建综合 Run: synth_rx
Run is defaulting to srcset: sources_1
Run is defaulting to constrset: constrs_1
 -> 创建实现 Run: impl_rx
Run is defaulting to parent run srcset: sources_1
Run is defaulting to parent run constrset: constrs_1
impl_rx
# ==============================================================================
# 2. 发射 TX 任务
# ==============================================================================
puts "--------------------------------------------------------"
--------------------------------------------------------
puts " [1/2] 正在配置并启动 TX 任务..."
 [1/2] 正在配置并启动 TX 任务...
# A. 切换全局 Top 为 TX
set_property top $tx_top [current_fileset]
update_compile_order -fileset sources_1
INFO: [Vivado 12-3458] The update_compile_order command is not intended for use in the GUI, where compile order updates occur based on project changes and the hierarchy update settings. No update performed.
# B. 重置并启动 TX (生成的脚本将锁定当前的 Top)
reset_run [get_runs -filter "NAME =~ *tx*"]
launch_runs $tx_impl_run -to_step write_bitstream -jobs $jobs_cnt
[Thu Jan 29 21:57:00 2026] Launched synth_tx...
Run output will be captured here: C:/Users/PC/Desktop/fec_verf/prj/fec_lasercom/fec_lasercom.runs/synth_tx/runme.log
[Thu Jan 29 21:57:00 2026] Launched impl_tx...
Run output will be captured here: C:/Users/PC/Desktop/fec_verf/prj/fec_lasercom/fec_lasercom.runs/impl_tx/runme.log
puts " -> TX 任务已在后台启动。"
 -> TX 任务已在后台启动。
# ==============================================================================
# 3. 发射 RX 任务
# ==============================================================================
puts "--------------------------------------------------------"
--------------------------------------------------------
puts " [2/2] 正在配置并启动 RX 任务..."
 [2/2] 正在配置并启动 RX 任务...
# A. 切换全局 Top 为 RX
set_property top $rx_top [current_fileset]
update_compile_order -fileset sources_1
INFO: [Vivado 12-3458] The update_compile_order command is not intended for use in the GUI, where compile order updates occur based on project changes and the hierarchy update settings. No update performed.
# B. 重置并启动 RX (生成的脚本将锁定当前的 Top)
reset_run [get_runs -filter "NAME =~ *rx*"]
launch_runs $rx_impl_run -to_step write_bitstream -jobs $jobs_cnt
[Thu Jan 29 21:57:02 2026] Launched synth_rx...
Run output will be captured here: C:/Users/PC/Desktop/fec_verf/prj/fec_lasercom/fec_lasercom.runs/synth_rx/runme.log
[Thu Jan 29 21:57:02 2026] Launched impl_rx...
Run output will be captured here: C:/Users/PC/Desktop/fec_verf/prj/fec_lasercom/fec_lasercom.runs/impl_rx/runme.log
puts " -> RX 任务已在后台启动。"
 -> RX 任务已在后台启动。
# ==============================================================================
# 4. 等待结果并导出
# ==============================================================================
puts "--------------------------------------------------------"
--------------------------------------------------------
puts " 双任务并行编译中，脚本将挂起等待结果 (请勿关闭 Vivado)..."
 双任务并行编译中，脚本将挂起等待结果 (请勿关闭 Vivado)...
# 等待两个运行完成
wait_on_run $tx_impl_run
[Thu Jan 29 21:57:02 2026] Waiting for impl_tx to finish...
[Thu Jan 29 21:57:07 2026] Waiting for impl_tx to finish...
[Thu Jan 29 21:57:12 2026] Waiting for impl_tx to finish...
[Thu Jan 29 21:57:17 2026] Waiting for impl_tx to finish...
[Thu Jan 29 21:57:22 2026] impl_tx finished
ERROR: [Vivado 12-13638] Failed runs(s) : 'synth_tx'
 'synth_tx' run failed with below errors.
ERROR: [Synth 8-439] module 'fifo_0' not found [C:/Users/PC/Desktop/fec_verf/prj/fec_lasercom/rtl/rs_encode_frontend.v:64]

ERROR: [Synth 8-6156] failed synthesizing module 'rs_encode_frontend' [C:/Users/PC/Desktop/fec_verf/prj/fec_lasercom/rtl/rs_encode_frontend.v:12]

ERROR: [Synth 8-6156] failed synthesizing module 'fec_tx' [C:/Users/PC/Desktop/fec_verf/prj/fec_lasercom/rtl/fec_tx.v:3]

ERROR: [Synth 8-6156] failed synthesizing module 'fec_tx_fpga_top' [C:/Users/PC/Desktop/fec_verf/prj/fec_lasercom/rtl/fec_tx_fpga_top.v:4]

ERROR: [Common 17-69] Command failed: Synthesis failed - please see the console or run log file for details

wait_on_runs: Time (s): cpu = 00:00:00 ; elapsed = 00:00:20 . Memory (MB): peak = 2568.699 ; gain = 0.000
ERROR: [Common 17-39] 'wait_on_runs' failed due to earlier errors.
puts "--- 正在修复 IP 核状态 ---"
--- 正在修复 IP 核状态 ---
# 1. 重置 fifo_0 的生成状态
reset_target all [get_ips fifo_0]
# 2. 重新生成 fifo_0 的所有输出文件 (Verilog wrapper 等)
generate_target all [get_ips fifo_0]
INFO: [IP_Flow 19-1686] Generating 'Instantiation Template' target for IP 'fifo_0'...
INFO: [IP_Flow 19-1686] Generating 'Synthesis' target for IP 'fifo_0'...
INFO: [IP_Flow 19-1686] Generating 'Simulation' target for IP 'fifo_0'...
INFO: [IP_Flow 19-1686] Generating 'Change Log' target for IP 'fifo_0'...
# 3. (关键) 导出 IP 用户文件，确保仿真和综合能找到它
export_ip_user_files -of_objects [get_ips fifo_0] -no_script -sync -force -quiet
# 4. 创建 IP 的独立综合任务 (Out-of-Context Run) 并等待它完成
# 这一步是为了确保 IP 自己先编译通过，再编译顶层
create_ip_run [get_ips fifo_0]
fifo_0_synth_1
launch_runs [get_runs fifo_0_synth_1]
INFO: [IP_Flow 19-6924] IPCACHE: Running cache check for IP inst: fifo_0
INFO: [IP_Flow 19-6922] IPCACHE: Exporting cached entry 9b2a660b7d837315 to dir: c:/Users/PC/Desktop/fec_verf/prj/fec_lasercom/fec_lasercom.gen/fifo_0/ip/fifo_0
INFO: [IP_Flow 19-6928] IPCACHE: copied cached file c:/Users/PC/Desktop/fec_verf/prj/fec_lasercom/fec_lasercom.cache/ip/2024.2/9/b/9b2a660b7d837315/fifo_0.dcp to c:/Users/PC/Desktop/fec_verf/prj/fec_lasercom/fec_lasercom.gen/fifo_0/ip/fifo_0/fifo_0.dcp.
INFO: [IP_Flow 19-6926] IPCACHE: added file to list for BOM: c:/Users/PC/Desktop/fec_verf/prj/fec_lasercom/fec_lasercom.gen/fifo_0/ip/fifo_0/fifo_0.dcp
INFO: [IP_Flow 19-6928] IPCACHE: copied cached file c:/Users/PC/Desktop/fec_verf/prj/fec_lasercom/fec_lasercom.cache/ip/2024.2/9/b/9b2a660b7d837315/fifo_0_sim_netlist.v to c:/Users/PC/Desktop/fec_verf/prj/fec_lasercom/fec_lasercom.gen/fifo_0/ip/fifo_0/fifo_0_sim_netlist.v.
INFO: [IP_Flow 19-6926] IPCACHE: added file to list for BOM: c:/Users/PC/Desktop/fec_verf/prj/fec_lasercom/fec_lasercom.gen/fifo_0/ip/fifo_0/fifo_0_sim_netlist.v
INFO: [IP_Flow 19-6928] IPCACHE: copied cached file c:/Users/PC/Desktop/fec_verf/prj/fec_lasercom/fec_lasercom.cache/ip/2024.2/9/b/9b2a660b7d837315/fifo_0_sim_netlist.vhdl to c:/Users/PC/Desktop/fec_verf/prj/fec_lasercom/fec_lasercom.gen/fifo_0/ip/fifo_0/fifo_0_sim_netlist.vhdl.
INFO: [IP_Flow 19-6926] IPCACHE: added file to list for BOM: c:/Users/PC/Desktop/fec_verf/prj/fec_lasercom/fec_lasercom.gen/fifo_0/ip/fifo_0/fifo_0_sim_netlist.vhdl
INFO: [IP_Flow 19-6928] IPCACHE: copied cached file c:/Users/PC/Desktop/fec_verf/prj/fec_lasercom/fec_lasercom.cache/ip/2024.2/9/b/9b2a660b7d837315/fifo_0_stub.v to c:/Users/PC/Desktop/fec_verf/prj/fec_lasercom/fec_lasercom.gen/fifo_0/ip/fifo_0/fifo_0_stub.v.
INFO: [IP_Flow 19-6926] IPCACHE: added file to list for BOM: c:/Users/PC/Desktop/fec_verf/prj/fec_lasercom/fec_lasercom.gen/fifo_0/ip/fifo_0/fifo_0_stub.v
INFO: [IP_Flow 19-6928] IPCACHE: copied cached file c:/Users/PC/Desktop/fec_verf/prj/fec_lasercom/fec_lasercom.cache/ip/2024.2/9/b/9b2a660b7d837315/fifo_0_stub.vhdl to c:/Users/PC/Desktop/fec_verf/prj/fec_lasercom/fec_lasercom.gen/fifo_0/ip/fifo_0/fifo_0_stub.vhdl.
INFO: [IP_Flow 19-6926] IPCACHE: added file to list for BOM: c:/Users/PC/Desktop/fec_verf/prj/fec_lasercom/fec_lasercom.gen/fifo_0/ip/fifo_0/fifo_0_stub.vhdl
INFO: [IP_Flow 19-4993] Using cached IP synthesis design for IP fifo_0, cache-ID = 9b2a660b7d837315; cache size = 32.106 MB.
INFO: [Vivado 12-4149] The synthesis checkpoint for IP 'C:/Users/PC/Desktop/fec_verf/prj/fec_lasercom/fec_lasercom.srcs/fifo_0/ip/fifo_0/fifo_0.xci' is already up-to-date
[Thu Jan 29 21:59:18 2026] Launched fifo_0_synth_1...
Run output will be captured here: C:/Users/PC/Desktop/fec_verf/prj/fec_lasercom/fec_lasercom.runs/fifo_0_synth_1/runme.log
0
wait_on_run fifo_0_synth_1
[Thu Jan 29 21:59:18 2026] Waiting for fifo_0_synth_1 to finish...
[Thu Jan 29 21:59:23 2026] Waiting for fifo_0_synth_1 to finish...
[Thu Jan 29 21:59:28 2026] Waiting for fifo_0_synth_1 to finish...

*** Running vivado
    with args -log fifo_0.vds -m64 -product Vivado -mode batch -messageDb vivado.pb -notrace -source fifo_0.tcl



****** Vivado v2024.2 (64-bit)
  **** SW Build 5239630 on Fri Nov 08 22:35:27 MST 2024
  **** IP Build 5239520 on Sun Nov 10 16:12:51 MST 2024
  **** SharedData Build 5239561 on Fri Nov 08 14:39:27 MST 2024
  **** Start of session at: Thu Jan 29 21:59:19 2026
    ** Copyright 1986-2022 Xilinx, Inc. All Rights Reserved.
    ** Copyright 2022-2024 Advanced Micro Devices, Inc. All Rights Reserved.

Sourcing tcl script 'D:/2024_2/Vivado/2024.2/scripts/Vivado_init.tcl'
source fifo_0.tcl -notrace
INFO: [IP_Flow 19-6924] IPCACHE: Running cache check for IP inst: fifo_0
INFO: [IP_Flow 19-6922] IPCACHE: Exporting cached entry 9b2a660b7d837315 to dir: C:/Users/PC/Desktop/fec_verf/prj/fec_lasercom/fec_lasercom.runs/fifo_0_synth_1
INFO: [IP_Flow 19-6928] IPCACHE: copied cached file c:/Users/PC/Desktop/fec_verf/prj/fec_lasercom/fec_lasercom.cache/ip/2024.2/9/b/9b2a660b7d837315/fifo_0.dcp to C:/Users/PC/Desktop/fec_verf/prj/fec_lasercom/fec_lasercom.runs/fifo_0_synth_1/fifo_0.dcp.
INFO: [IP_Flow 19-6928] IPCACHE: copied cached file c:/Users/PC/Desktop/fec_verf/prj/fec_lasercom/fec_lasercom.cache/ip/2024.2/9/b/9b2a660b7d837315/fifo_0_sim_netlist.v to C:/Users/PC/Desktop/fec_verf/prj/fec_lasercom/fec_lasercom.runs/fifo_0_synth_1/fifo_0_sim_netlist.v.
INFO: [IP_Flow 19-6928] IPCACHE: copied cached file c:/Users/PC/Desktop/fec_verf/prj/fec_lasercom/fec_lasercom.cache/ip/2024.2/9/b/9b2a660b7d837315/fifo_0_sim_netlist.vhdl to C:/Users/PC/Desktop/fec_verf/prj/fec_lasercom/fec_lasercom.runs/fifo_0_synth_1/fifo_0_sim_netlist.vhdl.
INFO: [IP_Flow 19-6928] IPCACHE: copied cached file c:/Users/PC/Desktop/fec_verf/prj/fec_lasercom/fec_lasercom.cache/ip/2024.2/9/b/9b2a660b7d837315/fifo_0_stub.v to C:/Users/PC/Desktop/fec_verf/prj/fec_lasercom/fec_lasercom.runs/fifo_0_synth_1/fifo_0_stub.v.
INFO: [IP_Flow 19-6928] IPCACHE: copied cached file c:/Users/PC/Desktop/fec_verf/prj/fec_lasercom/fec_lasercom.cache/ip/2024.2/9/b/9b2a660b7d837315/fifo_0_stub.vhdl to C:/Users/PC/Desktop/fec_verf/prj/fec_lasercom/fec_lasercom.runs/fifo_0_synth_1/fifo_0_stub.vhdl.
INFO: [IP_Flow 19-4838] Using cached IP synthesis design for IP fifo_0, cache-ID = 9b2a660b7d837315.
INFO: [Common 17-206] Exiting Vivado at Thu Jan 29 21:59:24 2026...
[Thu Jan 29 21:59:28 2026] fifo_0_synth_1 finished
wait_on_runs: Time (s): cpu = 00:00:00 ; elapsed = 00:00:10 . Memory (MB): peak = 2568.699 ; gain = 0.000
puts "--- IP 核修复完成，准备重新综合顶层 ---"
--- IP 核修复完成，准备重新综合顶层 ---
# ==============================================================================
# Vivado 双顶层并行编译脚本 (修正版)
# 功能：利用"切换-发射"机制实现并行编译
# ==============================================================================
# 1. 配置参数
set tx_top "fec_tx_fpga_top"
fec_tx_fpga_top
set rx_top "fec_rx_fpga_top"
fec_rx_fpga_top
set jobs_cnt 8  ;# 根据 CPU 核心数调整
8
puts "--------------------------------------------------------"
--------------------------------------------------------
puts " 开始配置双顶层并行编译环境 (Switch-and-Launch 模式)..."
 开始配置双顶层并行编译环境 (Switch-and-Launch 模式)...
puts "--------------------------------------------------------"
--------------------------------------------------------
# 获取基础配置
set base_synth "synth_1"
synth_1
set base_impl  "impl_1"
impl_1
set flow_synth [get_property FLOW [get_runs $base_synth]]
Vivado Synthesis 2024
set flow_impl  [get_property FLOW [get_runs $base_impl]]
Vivado Implementation 2024
set part_name  [get_property PART [current_project]]
xczu15eg-ffvb1156-2-i
# ==============================================================================
# 函数：准备 Run (不设置 TOP，只创建对象)
# ==============================================================================
proc prepare_run_obj {run_prefix base_s base_i flow_s flow_i part} {
    set s_run "synth_${run_prefix}"
    set i_run "impl_${run_prefix}"

    if {[get_runs -quiet $s_run] == ""} {
        puts " -> 创建综合 Run: $s_run"
        create_run $s_run -flow $flow_s -part $part
    }
    
    if {[get_runs -quiet $i_run] == ""} {
        puts " -> 创建实现 Run: $i_run"
        create_run $i_run -parent_run $s_run -flow $flow_i -part $part
    }
    return $i_run
}
# 1. 准备运行对象
set tx_impl_run [prepare_run_obj "tx" $base_synth $base_impl $flow_synth $flow_impl $part_name]
impl_tx
set rx_impl_run [prepare_run_obj "rx" $base_synth $base_impl $flow_synth $flow_impl $part_name]
impl_rx
# ==============================================================================
# 2. 发射 TX 任务
# ==============================================================================
puts "--------------------------------------------------------"
--------------------------------------------------------
puts " [1/2] 正在配置并启动 TX 任务..."
 [1/2] 正在配置并启动 TX 任务...
# A. 切换全局 Top 为 TX
set_property top $tx_top [current_fileset]
update_compile_order -fileset sources_1
INFO: [Vivado 12-3458] The update_compile_order command is not intended for use in the GUI, where compile order updates occur based on project changes and the hierarchy update settings. No update performed.
# B. 重置并启动 TX (生成的脚本将锁定当前的 Top)
reset_run [get_runs -filter "NAME =~ *tx*"]
launch_runs $tx_impl_run -to_step write_bitstream -jobs $jobs_cnt
[Thu Jan 29 21:59:54 2026] Launched synth_tx...
Run output will be captured here: C:/Users/PC/Desktop/fec_verf/prj/fec_lasercom/fec_lasercom.runs/synth_tx/runme.log
[Thu Jan 29 21:59:54 2026] Launched impl_tx...
Run output will be captured here: C:/Users/PC/Desktop/fec_verf/prj/fec_lasercom/fec_lasercom.runs/impl_tx/runme.log
puts " -> TX 任务已在后台启动。"
 -> TX 任务已在后台启动。
# ==============================================================================
# 3. 发射 RX 任务
# ==============================================================================
puts "--------------------------------------------------------"
--------------------------------------------------------
puts " [2/2] 正在配置并启动 RX 任务..."
 [2/2] 正在配置并启动 RX 任务...
# A. 切换全局 Top 为 RX
set_property top $rx_top [current_fileset]
update_compile_order -fileset sources_1
INFO: [Vivado 12-3458] The update_compile_order command is not intended for use in the GUI, where compile order updates occur based on project changes and the hierarchy update settings. No update performed.
# B. 重置并启动 RX (生成的脚本将锁定当前的 Top)
reset_run [get_runs -filter "NAME =~ *rx*"]
INFO: [Project 1-1160] Copying file C:/Users/PC/Desktop/fec_verf/prj/fec_lasercom/fec_lasercom.runs/synth_rx/fec_rx_fpga_top.dcp to C:/Users/PC/Desktop/fec_verf/prj/fec_lasercom/fec_lasercom.srcs/utils_1/imports/synth_rx and adding it to utils fileset
launch_runs $rx_impl_run -to_step write_bitstream -jobs $jobs_cnt
[Thu Jan 29 21:59:57 2026] Launched synth_rx...
Run output will be captured here: C:/Users/PC/Desktop/fec_verf/prj/fec_lasercom/fec_lasercom.runs/synth_rx/runme.log
[Thu Jan 29 21:59:57 2026] Launched impl_rx...
Run output will be captured here: C:/Users/PC/Desktop/fec_verf/prj/fec_lasercom/fec_lasercom.runs/impl_rx/runme.log
puts " -> RX 任务已在后台启动。"
 -> RX 任务已在后台启动。
# ==============================================================================
# 4. 等待结果并导出
# ==============================================================================
puts "--------------------------------------------------------"
--------------------------------------------------------
puts " 双任务并行编译中，脚本将挂起等待结果 (请勿关闭 Vivado)..."
 双任务并行编译中，脚本将挂起等待结果 (请勿关闭 Vivado)...
# 等待两个运行完成
wait_on_run $tx_impl_run
[Thu Jan 29 21:59:57 2026] Waiting for impl_tx to finish...
[Thu Jan 29 22:00:02 2026] Waiting for impl_tx to finish...
[Thu Jan 29 22:00:07 2026] Waiting for impl_tx to finish...
[Thu Jan 29 22:00:12 2026] Waiting for impl_tx to finish...
[Thu Jan 29 22:00:17 2026] impl_tx finished
ERROR: [Vivado 12-13638] Failed runs(s) : 'synth_tx'
 'synth_tx' run failed with below errors.
ERROR: [Synth 8-439] module 'rs_encoder_0' not found [C:/Users/PC/Desktop/fec_verf/prj/fec_lasercom/rtl/rs_encode_frontend.v:116]

ERROR: [Synth 8-6156] failed synthesizing module 'rs_encode_frontend' [C:/Users/PC/Desktop/fec_verf/prj/fec_lasercom/rtl/rs_encode_frontend.v:12]

ERROR: [Synth 8-6156] failed synthesizing module 'fec_tx' [C:/Users/PC/Desktop/fec_verf/prj/fec_lasercom/rtl/fec_tx.v:3]

ERROR: [Synth 8-6156] failed synthesizing module 'fec_tx_fpga_top' [C:/Users/PC/Desktop/fec_verf/prj/fec_lasercom/rtl/fec_tx_fpga_top.v:4]

ERROR: [Common 17-69] Command failed: Synthesis failed - please see the console or run log file for details

wait_on_runs: Time (s): cpu = 00:00:01 ; elapsed = 00:00:20 . Memory (MB): peak = 2568.699 ; gain = 0.000
ERROR: [Common 17-39] 'wait_on_runs' failed due to earlier errors.
puts "========================================================"
========================================================
puts "   开始全量修复 IP 核 (防止 missing module 报错)"
   开始全量修复 IP 核 (防止 missing module 报错)
puts "========================================================"
========================================================
# 1. 获取所有 IP 对象
set all_ips [get_ips *]
async_fifo_32w_32r clk_wiz_sys fifo_0 gtwizard_ultrascale_0 rs_decoder_0 rs_encoder_0
if {$all_ips == ""} {
    puts " [提示] 工程中没有发现 IP 核，无需修复。"
} else {
    foreach ip $all_ips {
        puts " -> 正在处理 IP: $ip ..."
        
        # 2. 重置 IP 状态 (清除旧的关联)
        reset_target all $ip
        
        # 3. 锁定 IP 属性以防止意外改动 (可选)
        set_property -quiet GENERATE_SYNTH_CHECKPOINT 1 $ip
        
        # 4. 重新生成所有输出产物 (Instantiation Template, Synthesis, Simulation)
        generate_target all $ip
        
        # 5. 导出用户文件 (确保仿真和综合能索引到 wrapper)
        export_ip_user_files -of_objects $ip -no_script -sync -force -quiet
    }
    
    puts "--------------------------------------------------------"
    puts " 正在为所有 IP 启动独立综合 (Out-of-Context Synthesis)..."
    puts " 这一步可能需要几分钟，请耐心等待..."
    
    # 6. 为所有 IP 创建并启动综合任务
    create_ip_run $all_ips
    
    # 获取所有 IP 的综合 runs
    set ip_runs [get_runs -filter {IS_IP_RUN == 1 && STATUS != "Complete"}]
    
    if {$ip_runs != ""} {
        launch_runs $ip_runs -jobs 8
        foreach run $ip_runs {
            wait_on_run $run
        }
    }
}
 -> 正在处理 IP: async_fifo_32w_32r ...
INFO: [IP_Flow 19-1686] Generating 'Instantiation Template' target for IP 'async_fifo_32w_32r'...
INFO: [IP_Flow 19-1686] Generating 'Synthesis' target for IP 'async_fifo_32w_32r'...
INFO: [IP_Flow 19-1686] Generating 'Simulation' target for IP 'async_fifo_32w_32r'...
INFO: [IP_Flow 19-1686] Generating 'Change Log' target for IP 'async_fifo_32w_32r'...
 -> 正在处理 IP: clk_wiz_sys ...
INFO: [IP_Flow 19-1686] Generating 'Instantiation Template' target for IP 'clk_wiz_sys'...
INFO: [IP_Flow 19-1686] Generating 'Synthesis' target for IP 'clk_wiz_sys'...
INFO: [IP_Flow 19-1686] Generating 'Simulation' target for IP 'clk_wiz_sys'...
INFO: [IP_Flow 19-1686] Generating 'Implementation' target for IP 'clk_wiz_sys'...
INFO: [IP_Flow 19-1686] Generating 'Change Log' target for IP 'clk_wiz_sys'...
 -> 正在处理 IP: fifo_0 ...
INFO: [IP_Flow 19-1686] Generating 'Instantiation Template' target for IP 'fifo_0'...
INFO: [IP_Flow 19-1686] Generating 'Synthesis' target for IP 'fifo_0'...
INFO: [IP_Flow 19-1686] Generating 'Simulation' target for IP 'fifo_0'...
INFO: [IP_Flow 19-1686] Generating 'Change Log' target for IP 'fifo_0'...
 -> 正在处理 IP: gtwizard_ultrascale_0 ...
INFO: [IP_Flow 19-1686] Generating 'Instantiation Template' target for IP 'gtwizard_ultrascale_0'...
INFO: [IP_Flow 19-1686] Generating 'Synthesis' target for IP 'gtwizard_ultrascale_0'...
INFO: [IP_Flow 19-1686] Generating 'Simulation' target for IP 'gtwizard_ultrascale_0'...
INFO: [IP_Flow 19-1686] Generating 'Change Log' target for IP 'gtwizard_ultrascale_0'...
 -> 正在处理 IP: rs_decoder_0 ...
INFO: [IP_Flow 19-1686] Generating 'Instantiation Template' target for IP 'rs_decoder_0'...
INFO: [IP_Flow 19-1686] Generating 'Synthesis' target for IP 'rs_decoder_0'...
INFO: [IP_Flow 19-1686] Generating 'Simulation' target for IP 'rs_decoder_0'...
INFO: [IP_Flow 19-1686] Generating 'Test Bench' target for IP 'rs_decoder_0'...
INFO: [IP_Flow 19-1686] Generating 'Change Log' target for IP 'rs_decoder_0'...
 -> 正在处理 IP: rs_encoder_0 ...
INFO: [IP_Flow 19-1686] Generating 'Instantiation Template' target for IP 'rs_encoder_0'...
INFO: [IP_Flow 19-1686] Generating 'Synthesis' target for IP 'rs_encoder_0'...
INFO: [IP_Flow 19-1686] Generating 'Simulation' target for IP 'rs_encoder_0'...
INFO: [IP_Flow 19-1686] Generating 'Test Bench' target for IP 'rs_encoder_0'...
INFO: [IP_Flow 19-1686] Generating 'Change Log' target for IP 'rs_encoder_0'...
--------------------------------------------------------
 正在为所有 IP 启动独立综合 (Out-of-Context Synthesis)...
 这一步可能需要几分钟，请耐心等待...
ERROR: [Vivado 12-3445] A collection of objects is currently not supported at this time.  Please provide only one sub-design.
puts "========================================================"
========================================================
puts "   开始全量修复 IP 核 (逐个处理模式)"
   开始全量修复 IP 核 (逐个处理模式)
puts "========================================================"
========================================================
# 1. 获取所有 IP 对象
set all_ips [get_ips *]
async_fifo_32w_32r clk_wiz_sys fifo_0 gtwizard_ultrascale_0 rs_decoder_0 rs_encoder_0
set runs_to_launch {}
if {$all_ips == ""} {
    puts " [提示] 工程中没有发现 IP 核，无需修复。"
} else {
    foreach ip $all_ips {
        puts " -> [1/3] 处理 IP: $ip ..."
        
        # A. 重置 IP 状态
        reset_target all $ip
        
        # B. 重新生成输出产物
        generate_target all $ip
        
        # C. 导出用户文件
        export_ip_user_files -of_objects $ip -no_script -sync -force -quiet
        
        # D. ★关键修改★：逐个创建综合任务 (避免 collection error)
        # 先检查该 IP 是否已经有对应的 run，没有才创建
        set ip_run_name "${ip}_synth_1"
        if {[get_runs -quiet $ip_run_name] == ""} {
            puts "    - 创建综合任务: $ip_run_name"
            create_ip_run [get_ips $ip]
        } else {
            # 如果任务已存在但状态不对，重置它
            if {[get_property STATUS [get_runs $ip_run_name]] != "Complete"} {
                reset_run [get_runs $ip_run_name]
            }
        }
        
        # 收集需要启动的 run
        lappend runs_to_launch [get_runs $ip_run_name]
    }
    
    puts "--------------------------------------------------------"
    puts " -> [2/3] 正在启动所有 IP 的综合任务..."
    
    # 过滤掉不存在或不需要跑的 run
    set valid_runs {}
    foreach r $runs_to_launch {
        if {$r != "" && [get_property STATUS $r] != "Complete"} {
            lappend valid_runs $r
        }
    }

    if {$valid_runs != ""} {
        # 并行启动所有 IP 综合
        launch_runs $valid_runs -jobs 8
        
        puts " -> [3/3] 等待 IP 综合完成..."
        foreach run $valid_runs {
            wait_on_run $run
        }
    } else {
        puts " -> 所有 IP 看起来都已经是最新的 (Complete)，无需重新综合。"
    }
}
 -> [1/3] 处理 IP: async_fifo_32w_32r ...
INFO: [IP_Flow 19-1686] Generating 'Instantiation Template' target for IP 'async_fifo_32w_32r'...
INFO: [IP_Flow 19-1686] Generating 'Synthesis' target for IP 'async_fifo_32w_32r'...
INFO: [IP_Flow 19-1686] Generating 'Simulation' target for IP 'async_fifo_32w_32r'...
INFO: [IP_Flow 19-1686] Generating 'Change Log' target for IP 'async_fifo_32w_32r'...
 -> [1/3] 处理 IP: clk_wiz_sys ...
INFO: [IP_Flow 19-1686] Generating 'Instantiation Template' target for IP 'clk_wiz_sys'...
INFO: [IP_Flow 19-1686] Generating 'Synthesis' target for IP 'clk_wiz_sys'...
INFO: [IP_Flow 19-1686] Generating 'Simulation' target for IP 'clk_wiz_sys'...
INFO: [IP_Flow 19-1686] Generating 'Implementation' target for IP 'clk_wiz_sys'...
INFO: [IP_Flow 19-1686] Generating 'Change Log' target for IP 'clk_wiz_sys'...
 -> [1/3] 处理 IP: fifo_0 ...
INFO: [IP_Flow 19-1686] Generating 'Instantiation Template' target for IP 'fifo_0'...
INFO: [IP_Flow 19-1686] Generating 'Synthesis' target for IP 'fifo_0'...
INFO: [IP_Flow 19-1686] Generating 'Simulation' target for IP 'fifo_0'...
INFO: [IP_Flow 19-1686] Generating 'Change Log' target for IP 'fifo_0'...
 -> [1/3] 处理 IP: gtwizard_ultrascale_0 ...
INFO: [IP_Flow 19-1686] Generating 'Instantiation Template' target for IP 'gtwizard_ultrascale_0'...
INFO: [IP_Flow 19-1686] Generating 'Synthesis' target for IP 'gtwizard_ultrascale_0'...
INFO: [IP_Flow 19-1686] Generating 'Simulation' target for IP 'gtwizard_ultrascale_0'...
INFO: [IP_Flow 19-1686] Generating 'Change Log' target for IP 'gtwizard_ultrascale_0'...
 -> [1/3] 处理 IP: rs_decoder_0 ...
INFO: [IP_Flow 19-1686] Generating 'Instantiation Template' target for IP 'rs_decoder_0'...
INFO: [IP_Flow 19-1686] Generating 'Synthesis' target for IP 'rs_decoder_0'...
INFO: [IP_Flow 19-1686] Generating 'Simulation' target for IP 'rs_decoder_0'...
INFO: [IP_Flow 19-1686] Generating 'Test Bench' target for IP 'rs_decoder_0'...
INFO: [IP_Flow 19-1686] Generating 'Change Log' target for IP 'rs_decoder_0'...
 -> [1/3] 处理 IP: rs_encoder_0 ...
INFO: [IP_Flow 19-1686] Generating 'Instantiation Template' target for IP 'rs_encoder_0'...
INFO: [IP_Flow 19-1686] Generating 'Synthesis' target for IP 'rs_encoder_0'...
INFO: [IP_Flow 19-1686] Generating 'Simulation' target for IP 'rs_encoder_0'...
INFO: [IP_Flow 19-1686] Generating 'Test Bench' target for IP 'rs_encoder_0'...
INFO: [IP_Flow 19-1686] Generating 'Change Log' target for IP 'rs_encoder_0'...
--------------------------------------------------------
 -> [2/3] 正在启动所有 IP 的综合任务...
INFO: [IP_Flow 19-6924] IPCACHE: Running cache check for IP inst: async_fifo_32w_32r
INFO: [IP_Flow 19-6922] IPCACHE: Exporting cached entry 561f92cd0a39d96a to dir: c:/Users/PC/Desktop/fec_verf/prj/fec_lasercom/fec_lasercom.gen/async_fifo_32w_32r/ip/async_fifo_32w_32r
INFO: [IP_Flow 19-6928] IPCACHE: copied cached file c:/Users/PC/Desktop/fec_verf/prj/fec_lasercom/fec_lasercom.cache/ip/2024.2/5/6/561f92cd0a39d96a/async_fifo_32w_32r.dcp to c:/Users/PC/Desktop/fec_verf/prj/fec_lasercom/fec_lasercom.gen/async_fifo_32w_32r/ip/async_fifo_32w_32r/async_fifo_32w_32r.dcp.
INFO: [IP_Flow 19-6926] IPCACHE: added file to list for BOM: c:/Users/PC/Desktop/fec_verf/prj/fec_lasercom/fec_lasercom.gen/async_fifo_32w_32r/ip/async_fifo_32w_32r/async_fifo_32w_32r.dcp
INFO: [IP_Flow 19-6928] IPCACHE: copied cached file c:/Users/PC/Desktop/fec_verf/prj/fec_lasercom/fec_lasercom.cache/ip/2024.2/5/6/561f92cd0a39d96a/async_fifo_32w_32r_sim_netlist.v to c:/Users/PC/Desktop/fec_verf/prj/fec_lasercom/fec_lasercom.gen/async_fifo_32w_32r/ip/async_fifo_32w_32r/async_fifo_32w_32r_sim_netlist.v.
INFO: [IP_Flow 19-6926] IPCACHE: added file to list for BOM: c:/Users/PC/Desktop/fec_verf/prj/fec_lasercom/fec_lasercom.gen/async_fifo_32w_32r/ip/async_fifo_32w_32r/async_fifo_32w_32r_sim_netlist.v
INFO: [IP_Flow 19-6928] IPCACHE: copied cached file c:/Users/PC/Desktop/fec_verf/prj/fec_lasercom/fec_lasercom.cache/ip/2024.2/5/6/561f92cd0a39d96a/async_fifo_32w_32r_sim_netlist.vhdl to c:/Users/PC/Desktop/fec_verf/prj/fec_lasercom/fec_lasercom.gen/async_fifo_32w_32r/ip/async_fifo_32w_32r/async_fifo_32w_32r_sim_netlist.vhdl.
INFO: [IP_Flow 19-6926] IPCACHE: added file to list for BOM: c:/Users/PC/Desktop/fec_verf/prj/fec_lasercom/fec_lasercom.gen/async_fifo_32w_32r/ip/async_fifo_32w_32r/async_fifo_32w_32r_sim_netlist.vhdl
INFO: [IP_Flow 19-6928] IPCACHE: copied cached file c:/Users/PC/Desktop/fec_verf/prj/fec_lasercom/fec_lasercom.cache/ip/2024.2/5/6/561f92cd0a39d96a/async_fifo_32w_32r_stub.v to c:/Users/PC/Desktop/fec_verf/prj/fec_lasercom/fec_lasercom.gen/async_fifo_32w_32r/ip/async_fifo_32w_32r/async_fifo_32w_32r_stub.v.
INFO: [IP_Flow 19-6926] IPCACHE: added file to list for BOM: c:/Users/PC/Desktop/fec_verf/prj/fec_lasercom/fec_lasercom.gen/async_fifo_32w_32r/ip/async_fifo_32w_32r/async_fifo_32w_32r_stub.v
INFO: [IP_Flow 19-6928] IPCACHE: copied cached file c:/Users/PC/Desktop/fec_verf/prj/fec_lasercom/fec_lasercom.cache/ip/2024.2/5/6/561f92cd0a39d96a/async_fifo_32w_32r_stub.vhdl to c:/Users/PC/Desktop/fec_verf/prj/fec_lasercom/fec_lasercom.gen/async_fifo_32w_32r/ip/async_fifo_32w_32r/async_fifo_32w_32r_stub.vhdl.
INFO: [IP_Flow 19-6926] IPCACHE: added file to list for BOM: c:/Users/PC/Desktop/fec_verf/prj/fec_lasercom/fec_lasercom.gen/async_fifo_32w_32r/ip/async_fifo_32w_32r/async_fifo_32w_32r_stub.vhdl
INFO: [IP_Flow 19-4993] Using cached IP synthesis design for IP async_fifo_32w_32r, cache-ID = 561f92cd0a39d96a; cache size = 32.106 MB.
INFO: [Vivado 12-4149] The synthesis checkpoint for IP 'C:/Users/PC/Desktop/fec_verf/prj/fec_lasercom/fec_lasercom.srcs/async_fifo_32w_32r/ip/async_fifo_32w_32r/async_fifo_32w_32r.xci' is already up-to-date
INFO: [IP_Flow 19-6924] IPCACHE: Running cache check for IP inst: clk_wiz_sys
INFO: [IP_Flow 19-6922] IPCACHE: Exporting cached entry 06263d495aba296c to dir: c:/Users/PC/Desktop/fec_verf/prj/fec_lasercom/fec_lasercom.gen/clk_wiz_sys/ip/clk_wiz_sys
INFO: [IP_Flow 19-6928] IPCACHE: copied cached file c:/Users/PC/Desktop/fec_verf/prj/fec_lasercom/fec_lasercom.cache/ip/2024.2/0/6/06263d495aba296c/clk_wiz_sys.dcp to c:/Users/PC/Desktop/fec_verf/prj/fec_lasercom/fec_lasercom.gen/clk_wiz_sys/ip/clk_wiz_sys/clk_wiz_sys.dcp.
INFO: [IP_Flow 19-6926] IPCACHE: added file to list for BOM: c:/Users/PC/Desktop/fec_verf/prj/fec_lasercom/fec_lasercom.gen/clk_wiz_sys/ip/clk_wiz_sys/clk_wiz_sys.dcp
INFO: [IP_Flow 19-6928] IPCACHE: copied cached file c:/Users/PC/Desktop/fec_verf/prj/fec_lasercom/fec_lasercom.cache/ip/2024.2/0/6/06263d495aba296c/clk_wiz_sys_sim_netlist.v to c:/Users/PC/Desktop/fec_verf/prj/fec_lasercom/fec_lasercom.gen/clk_wiz_sys/ip/clk_wiz_sys/clk_wiz_sys_sim_netlist.v.
INFO: [IP_Flow 19-6926] IPCACHE: added file to list for BOM: c:/Users/PC/Desktop/fec_verf/prj/fec_lasercom/fec_lasercom.gen/clk_wiz_sys/ip/clk_wiz_sys/clk_wiz_sys_sim_netlist.v
INFO: [IP_Flow 19-6928] IPCACHE: copied cached file c:/Users/PC/Desktop/fec_verf/prj/fec_lasercom/fec_lasercom.cache/ip/2024.2/0/6/06263d495aba296c/clk_wiz_sys_sim_netlist.vhdl to c:/Users/PC/Desktop/fec_verf/prj/fec_lasercom/fec_lasercom.gen/clk_wiz_sys/ip/clk_wiz_sys/clk_wiz_sys_sim_netlist.vhdl.
INFO: [IP_Flow 19-6926] IPCACHE: added file to list for BOM: c:/Users/PC/Desktop/fec_verf/prj/fec_lasercom/fec_lasercom.gen/clk_wiz_sys/ip/clk_wiz_sys/clk_wiz_sys_sim_netlist.vhdl
INFO: [IP_Flow 19-6928] IPCACHE: copied cached file c:/Users/PC/Desktop/fec_verf/prj/fec_lasercom/fec_lasercom.cache/ip/2024.2/0/6/06263d495aba296c/clk_wiz_sys_stub.v to c:/Users/PC/Desktop/fec_verf/prj/fec_lasercom/fec_lasercom.gen/clk_wiz_sys/ip/clk_wiz_sys/clk_wiz_sys_stub.v.
INFO: [IP_Flow 19-6926] IPCACHE: added file to list for BOM: c:/Users/PC/Desktop/fec_verf/prj/fec_lasercom/fec_lasercom.gen/clk_wiz_sys/ip/clk_wiz_sys/clk_wiz_sys_stub.v
INFO: [IP_Flow 19-6928] IPCACHE: copied cached file c:/Users/PC/Desktop/fec_verf/prj/fec_lasercom/fec_lasercom.cache/ip/2024.2/0/6/06263d495aba296c/clk_wiz_sys_stub.vhdl to c:/Users/PC/Desktop/fec_verf/prj/fec_lasercom/fec_lasercom.gen/clk_wiz_sys/ip/clk_wiz_sys/clk_wiz_sys_stub.vhdl.
INFO: [IP_Flow 19-6926] IPCACHE: added file to list for BOM: c:/Users/PC/Desktop/fec_verf/prj/fec_lasercom/fec_lasercom.gen/clk_wiz_sys/ip/clk_wiz_sys/clk_wiz_sys_stub.vhdl
INFO: [IP_Flow 19-4993] Using cached IP synthesis design for IP clk_wiz_sys, cache-ID = 06263d495aba296c; cache size = 32.106 MB.
INFO: [Vivado 12-4149] The synthesis checkpoint for IP 'C:/Users/PC/Desktop/fec_verf/prj/fec_lasercom/fec_lasercom.srcs/clk_wiz_sys/ip/clk_wiz_sys/clk_wiz_sys.xci' is already up-to-date
INFO: [IP_Flow 19-6924] IPCACHE: Running cache check for IP inst: fifo_0
INFO: [IP_Flow 19-6922] IPCACHE: Exporting cached entry 9b2a660b7d837315 to dir: c:/Users/PC/Desktop/fec_verf/prj/fec_lasercom/fec_lasercom.gen/fifo_0/ip/fifo_0
INFO: [IP_Flow 19-6928] IPCACHE: copied cached file c:/Users/PC/Desktop/fec_verf/prj/fec_lasercom/fec_lasercom.cache/ip/2024.2/9/b/9b2a660b7d837315/fifo_0.dcp to c:/Users/PC/Desktop/fec_verf/prj/fec_lasercom/fec_lasercom.gen/fifo_0/ip/fifo_0/fifo_0.dcp.
INFO: [IP_Flow 19-6926] IPCACHE: added file to list for BOM: c:/Users/PC/Desktop/fec_verf/prj/fec_lasercom/fec_lasercom.gen/fifo_0/ip/fifo_0/fifo_0.dcp
INFO: [IP_Flow 19-6928] IPCACHE: copied cached file c:/Users/PC/Desktop/fec_verf/prj/fec_lasercom/fec_lasercom.cache/ip/2024.2/9/b/9b2a660b7d837315/fifo_0_sim_netlist.v to c:/Users/PC/Desktop/fec_verf/prj/fec_lasercom/fec_lasercom.gen/fifo_0/ip/fifo_0/fifo_0_sim_netlist.v.
INFO: [IP_Flow 19-6926] IPCACHE: added file to list for BOM: c:/Users/PC/Desktop/fec_verf/prj/fec_lasercom/fec_lasercom.gen/fifo_0/ip/fifo_0/fifo_0_sim_netlist.v
INFO: [IP_Flow 19-6928] IPCACHE: copied cached file c:/Users/PC/Desktop/fec_verf/prj/fec_lasercom/fec_lasercom.cache/ip/2024.2/9/b/9b2a660b7d837315/fifo_0_sim_netlist.vhdl to c:/Users/PC/Desktop/fec_verf/prj/fec_lasercom/fec_lasercom.gen/fifo_0/ip/fifo_0/fifo_0_sim_netlist.vhdl.
INFO: [IP_Flow 19-6926] IPCACHE: added file to list for BOM: c:/Users/PC/Desktop/fec_verf/prj/fec_lasercom/fec_lasercom.gen/fifo_0/ip/fifo_0/fifo_0_sim_netlist.vhdl
INFO: [IP_Flow 19-6928] IPCACHE: copied cached file c:/Users/PC/Desktop/fec_verf/prj/fec_lasercom/fec_lasercom.cache/ip/2024.2/9/b/9b2a660b7d837315/fifo_0_stub.v to c:/Users/PC/Desktop/fec_verf/prj/fec_lasercom/fec_lasercom.gen/fifo_0/ip/fifo_0/fifo_0_stub.v.
INFO: [IP_Flow 19-6926] IPCACHE: added file to list for BOM: c:/Users/PC/Desktop/fec_verf/prj/fec_lasercom/fec_lasercom.gen/fifo_0/ip/fifo_0/fifo_0_stub.v
INFO: [IP_Flow 19-6928] IPCACHE: copied cached file c:/Users/PC/Desktop/fec_verf/prj/fec_lasercom/fec_lasercom.cache/ip/2024.2/9/b/9b2a660b7d837315/fifo_0_stub.vhdl to c:/Users/PC/Desktop/fec_verf/prj/fec_lasercom/fec_lasercom.gen/fifo_0/ip/fifo_0/fifo_0_stub.vhdl.
INFO: [IP_Flow 19-6926] IPCACHE: added file to list for BOM: c:/Users/PC/Desktop/fec_verf/prj/fec_lasercom/fec_lasercom.gen/fifo_0/ip/fifo_0/fifo_0_stub.vhdl
INFO: [IP_Flow 19-4993] Using cached IP synthesis design for IP fifo_0, cache-ID = 9b2a660b7d837315; cache size = 32.106 MB.
INFO: [Vivado 12-4149] The synthesis checkpoint for IP 'C:/Users/PC/Desktop/fec_verf/prj/fec_lasercom/fec_lasercom.srcs/fifo_0/ip/fifo_0/fifo_0.xci' is already up-to-date
INFO: [IP_Flow 19-6924] IPCACHE: Running cache check for IP inst: gtwizard_ultrascale_0
INFO: [IP_Flow 19-6922] IPCACHE: Exporting cached entry ff27705b704277fa to dir: c:/Users/PC/Desktop/fec_verf/prj/fec_lasercom/fec_lasercom.gen/gtwizard_ultrascale_0/ip/gtwizard_ultrascale_0
INFO: [IP_Flow 19-6928] IPCACHE: copied cached file c:/Users/PC/Desktop/fec_verf/prj/fec_lasercom/fec_lasercom.cache/ip/2024.2/f/f/ff27705b704277fa/gtwizard_ultrascale_0.dcp to c:/Users/PC/Desktop/fec_verf/prj/fec_lasercom/fec_lasercom.gen/gtwizard_ultrascale_0/ip/gtwizard_ultrascale_0/gtwizard_ultrascale_0.dcp.
INFO: [IP_Flow 19-6926] IPCACHE: added file to list for BOM: c:/Users/PC/Desktop/fec_verf/prj/fec_lasercom/fec_lasercom.gen/gtwizard_ultrascale_0/ip/gtwizard_ultrascale_0/gtwizard_ultrascale_0.dcp
INFO: [IP_Flow 19-6928] IPCACHE: copied cached file c:/Users/PC/Desktop/fec_verf/prj/fec_lasercom/fec_lasercom.cache/ip/2024.2/f/f/ff27705b704277fa/gtwizard_ultrascale_0_sim_netlist.v to c:/Users/PC/Desktop/fec_verf/prj/fec_lasercom/fec_lasercom.gen/gtwizard_ultrascale_0/ip/gtwizard_ultrascale_0/gtwizard_ultrascale_0_sim_netlist.v.
INFO: [IP_Flow 19-6926] IPCACHE: added file to list for BOM: c:/Users/PC/Desktop/fec_verf/prj/fec_lasercom/fec_lasercom.gen/gtwizard_ultrascale_0/ip/gtwizard_ultrascale_0/gtwizard_ultrascale_0_sim_netlist.v
INFO: [IP_Flow 19-6928] IPCACHE: copied cached file c:/Users/PC/Desktop/fec_verf/prj/fec_lasercom/fec_lasercom.cache/ip/2024.2/f/f/ff27705b704277fa/gtwizard_ultrascale_0_sim_netlist.vhdl to c:/Users/PC/Desktop/fec_verf/prj/fec_lasercom/fec_lasercom.gen/gtwizard_ultrascale_0/ip/gtwizard_ultrascale_0/gtwizard_ultrascale_0_sim_netlist.vhdl.
INFO: [IP_Flow 19-6926] IPCACHE: added file to list for BOM: c:/Users/PC/Desktop/fec_verf/prj/fec_lasercom/fec_lasercom.gen/gtwizard_ultrascale_0/ip/gtwizard_ultrascale_0/gtwizard_ultrascale_0_sim_netlist.vhdl
INFO: [IP_Flow 19-6928] IPCACHE: copied cached file c:/Users/PC/Desktop/fec_verf/prj/fec_lasercom/fec_lasercom.cache/ip/2024.2/f/f/ff27705b704277fa/gtwizard_ultrascale_0_stub.v to c:/Users/PC/Desktop/fec_verf/prj/fec_lasercom/fec_lasercom.gen/gtwizard_ultrascale_0/ip/gtwizard_ultrascale_0/gtwizard_ultrascale_0_stub.v.
INFO: [IP_Flow 19-6926] IPCACHE: added file to list for BOM: c:/Users/PC/Desktop/fec_verf/prj/fec_lasercom/fec_lasercom.gen/gtwizard_ultrascale_0/ip/gtwizard_ultrascale_0/gtwizard_ultrascale_0_stub.v
INFO: [IP_Flow 19-6928] IPCACHE: copied cached file c:/Users/PC/Desktop/fec_verf/prj/fec_lasercom/fec_lasercom.cache/ip/2024.2/f/f/ff27705b704277fa/gtwizard_ultrascale_0_stub.vhdl to c:/Users/PC/Desktop/fec_verf/prj/fec_lasercom/fec_lasercom.gen/gtwizard_ultrascale_0/ip/gtwizard_ultrascale_0/gtwizard_ultrascale_0_stub.vhdl.
INFO: [IP_Flow 19-6926] IPCACHE: added file to list for BOM: c:/Users/PC/Desktop/fec_verf/prj/fec_lasercom/fec_lasercom.gen/gtwizard_ultrascale_0/ip/gtwizard_ultrascale_0/gtwizard_ultrascale_0_stub.vhdl
INFO: [IP_Flow 19-4993] Using cached IP synthesis design for IP gtwizard_ultrascale_0, cache-ID = ff27705b704277fa; cache size = 32.106 MB.
INFO: [Vivado 12-4149] The synthesis checkpoint for IP 'C:/Users/PC/Desktop/fec_verf/prj/fec_lasercom/fec_lasercom.srcs/gtwizard_ultrascale_0/ip/gtwizard_ultrascale_0/gtwizard_ultrascale_0.xci' is already up-to-date
INFO: [IP_Flow 19-6924] IPCACHE: Running cache check for IP inst: rs_decoder_0
INFO: [IP_Flow 19-6922] IPCACHE: Exporting cached entry 0f6059bd212d9b39 to dir: c:/Users/PC/Desktop/fec_verf/prj/fec_lasercom/fec_lasercom.gen/rs_decoder_0/ip/rs_decoder_0
INFO: [IP_Flow 19-6928] IPCACHE: copied cached file c:/Users/PC/Desktop/fec_verf/prj/fec_lasercom/fec_lasercom.cache/ip/2024.2/0/f/0f6059bd212d9b39/rs_decoder_0.dcp to c:/Users/PC/Desktop/fec_verf/prj/fec_lasercom/fec_lasercom.gen/rs_decoder_0/ip/rs_decoder_0/rs_decoder_0.dcp.
INFO: [IP_Flow 19-6926] IPCACHE: added file to list for BOM: c:/Users/PC/Desktop/fec_verf/prj/fec_lasercom/fec_lasercom.gen/rs_decoder_0/ip/rs_decoder_0/rs_decoder_0.dcp
INFO: [IP_Flow 19-6928] IPCACHE: copied cached file c:/Users/PC/Desktop/fec_verf/prj/fec_lasercom/fec_lasercom.cache/ip/2024.2/0/f/0f6059bd212d9b39/rs_decoder_0_sim_netlist.v to c:/Users/PC/Desktop/fec_verf/prj/fec_lasercom/fec_lasercom.gen/rs_decoder_0/ip/rs_decoder_0/rs_decoder_0_sim_netlist.v.
INFO: [IP_Flow 19-6926] IPCACHE: added file to list for BOM: c:/Users/PC/Desktop/fec_verf/prj/fec_lasercom/fec_lasercom.gen/rs_decoder_0/ip/rs_decoder_0/rs_decoder_0_sim_netlist.v
INFO: [IP_Flow 19-6928] IPCACHE: copied cached file c:/Users/PC/Desktop/fec_verf/prj/fec_lasercom/fec_lasercom.cache/ip/2024.2/0/f/0f6059bd212d9b39/rs_decoder_0_sim_netlist.vhdl to c:/Users/PC/Desktop/fec_verf/prj/fec_lasercom/fec_lasercom.gen/rs_decoder_0/ip/rs_decoder_0/rs_decoder_0_sim_netlist.vhdl.
INFO: [IP_Flow 19-6926] IPCACHE: added file to list for BOM: c:/Users/PC/Desktop/fec_verf/prj/fec_lasercom/fec_lasercom.gen/rs_decoder_0/ip/rs_decoder_0/rs_decoder_0_sim_netlist.vhdl
INFO: [IP_Flow 19-6928] IPCACHE: copied cached file c:/Users/PC/Desktop/fec_verf/prj/fec_lasercom/fec_lasercom.cache/ip/2024.2/0/f/0f6059bd212d9b39/rs_decoder_0_stub.v to c:/Users/PC/Desktop/fec_verf/prj/fec_lasercom/fec_lasercom.gen/rs_decoder_0/ip/rs_decoder_0/rs_decoder_0_stub.v.
INFO: [IP_Flow 19-6926] IPCACHE: added file to list for BOM: c:/Users/PC/Desktop/fec_verf/prj/fec_lasercom/fec_lasercom.gen/rs_decoder_0/ip/rs_decoder_0/rs_decoder_0_stub.v
INFO: [IP_Flow 19-6928] IPCACHE: copied cached file c:/Users/PC/Desktop/fec_verf/prj/fec_lasercom/fec_lasercom.cache/ip/2024.2/0/f/0f6059bd212d9b39/rs_decoder_0_stub.vhdl to c:/Users/PC/Desktop/fec_verf/prj/fec_lasercom/fec_lasercom.gen/rs_decoder_0/ip/rs_decoder_0/rs_decoder_0_stub.vhdl.
INFO: [IP_Flow 19-6926] IPCACHE: added file to list for BOM: c:/Users/PC/Desktop/fec_verf/prj/fec_lasercom/fec_lasercom.gen/rs_decoder_0/ip/rs_decoder_0/rs_decoder_0_stub.vhdl
INFO: [IP_Flow 19-4993] Using cached IP synthesis design for IP rs_decoder_0, cache-ID = 0f6059bd212d9b39; cache size = 32.106 MB.
INFO: [Vivado 12-4149] The synthesis checkpoint for IP 'C:/Users/PC/Desktop/fec_verf/prj/fec_lasercom/fec_lasercom.srcs/rs_decoder_0/ip/rs_decoder_0/rs_decoder_0.xci' is already up-to-date
INFO: [IP_Flow 19-6924] IPCACHE: Running cache check for IP inst: rs_encoder_0
INFO: [IP_Flow 19-6922] IPCACHE: Exporting cached entry 520d99038a9ff66a to dir: c:/Users/PC/Desktop/fec_verf/prj/fec_lasercom/fec_lasercom.gen/rs_encoder_0/ip/rs_encoder_0
INFO: [IP_Flow 19-6928] IPCACHE: copied cached file c:/Users/PC/Desktop/fec_verf/prj/fec_lasercom/fec_lasercom.cache/ip/2024.2/5/2/520d99038a9ff66a/rs_encoder_0.dcp to c:/Users/PC/Desktop/fec_verf/prj/fec_lasercom/fec_lasercom.gen/rs_encoder_0/ip/rs_encoder_0/rs_encoder_0.dcp.
INFO: [IP_Flow 19-6926] IPCACHE: added file to list for BOM: c:/Users/PC/Desktop/fec_verf/prj/fec_lasercom/fec_lasercom.gen/rs_encoder_0/ip/rs_encoder_0/rs_encoder_0.dcp
INFO: [IP_Flow 19-6928] IPCACHE: copied cached file c:/Users/PC/Desktop/fec_verf/prj/fec_lasercom/fec_lasercom.cache/ip/2024.2/5/2/520d99038a9ff66a/rs_encoder_0_sim_netlist.v to c:/Users/PC/Desktop/fec_verf/prj/fec_lasercom/fec_lasercom.gen/rs_encoder_0/ip/rs_encoder_0/rs_encoder_0_sim_netlist.v.
INFO: [IP_Flow 19-6926] IPCACHE: added file to list for BOM: c:/Users/PC/Desktop/fec_verf/prj/fec_lasercom/fec_lasercom.gen/rs_encoder_0/ip/rs_encoder_0/rs_encoder_0_sim_netlist.v
INFO: [IP_Flow 19-6928] IPCACHE: copied cached file c:/Users/PC/Desktop/fec_verf/prj/fec_lasercom/fec_lasercom.cache/ip/2024.2/5/2/520d99038a9ff66a/rs_encoder_0_sim_netlist.vhdl to c:/Users/PC/Desktop/fec_verf/prj/fec_lasercom/fec_lasercom.gen/rs_encoder_0/ip/rs_encoder_0/rs_encoder_0_sim_netlist.vhdl.
INFO: [IP_Flow 19-6926] IPCACHE: added file to list for BOM: c:/Users/PC/Desktop/fec_verf/prj/fec_lasercom/fec_lasercom.gen/rs_encoder_0/ip/rs_encoder_0/rs_encoder_0_sim_netlist.vhdl
INFO: [IP_Flow 19-6928] IPCACHE: copied cached file c:/Users/PC/Desktop/fec_verf/prj/fec_lasercom/fec_lasercom.cache/ip/2024.2/5/2/520d99038a9ff66a/rs_encoder_0_stub.v to c:/Users/PC/Desktop/fec_verf/prj/fec_lasercom/fec_lasercom.gen/rs_encoder_0/ip/rs_encoder_0/rs_encoder_0_stub.v.
INFO: [IP_Flow 19-6926] IPCACHE: added file to list for BOM: c:/Users/PC/Desktop/fec_verf/prj/fec_lasercom/fec_lasercom.gen/rs_encoder_0/ip/rs_encoder_0/rs_encoder_0_stub.v
INFO: [IP_Flow 19-6928] IPCACHE: copied cached file c:/Users/PC/Desktop/fec_verf/prj/fec_lasercom/fec_lasercom.cache/ip/2024.2/5/2/520d99038a9ff66a/rs_encoder_0_stub.vhdl to c:/Users/PC/Desktop/fec_verf/prj/fec_lasercom/fec_lasercom.gen/rs_encoder_0/ip/rs_encoder_0/rs_encoder_0_stub.vhdl.
INFO: [IP_Flow 19-6926] IPCACHE: added file to list for BOM: c:/Users/PC/Desktop/fec_verf/prj/fec_lasercom/fec_lasercom.gen/rs_encoder_0/ip/rs_encoder_0/rs_encoder_0_stub.vhdl
INFO: [IP_Flow 19-4993] Using cached IP synthesis design for IP rs_encoder_0, cache-ID = 520d99038a9ff66a; cache size = 32.106 MB.
INFO: [Vivado 12-4149] The synthesis checkpoint for IP 'C:/Users/PC/Desktop/fec_verf/prj/fec_lasercom/fec_lasercom.srcs/rs_encoder_0/ip/rs_encoder_0/rs_encoder_0.xci' is already up-to-date
[Thu Jan 29 22:03:42 2026] Launched async_fifo_32w_32r_synth_1, clk_wiz_sys_synth_1, fifo_0_synth_1, gtwizard_ultrascale_0_synth_1, rs_decoder_0_synth_1, rs_encoder_0_synth_1...
Run output will be captured here:
async_fifo_32w_32r_synth_1: C:/Users/PC/Desktop/fec_verf/prj/fec_lasercom/fec_lasercom.runs/async_fifo_32w_32r_synth_1/runme.log
clk_wiz_sys_synth_1: C:/Users/PC/Desktop/fec_verf/prj/fec_lasercom/fec_lasercom.runs/clk_wiz_sys_synth_1/runme.log
fifo_0_synth_1: C:/Users/PC/Desktop/fec_verf/prj/fec_lasercom/fec_lasercom.runs/fifo_0_synth_1/runme.log
gtwizard_ultrascale_0_synth_1: C:/Users/PC/Desktop/fec_verf/prj/fec_lasercom/fec_lasercom.runs/gtwizard_ultrascale_0_synth_1/runme.log
rs_decoder_0_synth_1: C:/Users/PC/Desktop/fec_verf/prj/fec_lasercom/fec_lasercom.runs/rs_decoder_0_synth_1/runme.log
rs_encoder_0_synth_1: C:/Users/PC/Desktop/fec_verf/prj/fec_lasercom/fec_lasercom.runs/rs_encoder_0_synth_1/runme.log
launch_runs: Time (s): cpu = 00:00:12 ; elapsed = 00:00:10 . Memory (MB): peak = 2568.699 ; gain = 0.000
 -> [3/3] 等待 IP 综合完成...
[Thu Jan 29 22:03:42 2026] Waiting for async_fifo_32w_32r_synth_1 to finish...
[Thu Jan 29 22:03:47 2026] Waiting for async_fifo_32w_32r_synth_1 to finish...
[Thu Jan 29 22:03:52 2026] Waiting for async_fifo_32w_32r_synth_1 to finish...

*** Running vivado
    with args -log async_fifo_32w_32r.vds -m64 -product Vivado -mode batch -messageDb vivado.pb -notrace -source async_fifo_32w_32r.tcl



****** Vivado v2024.2 (64-bit)
  **** SW Build 5239630 on Fri Nov 08 22:35:27 MST 2024
  **** IP Build 5239520 on Sun Nov 10 16:12:51 MST 2024
  **** SharedData Build 5239561 on Fri Nov 08 14:39:27 MST 2024
  **** Start of session at: Thu Jan 29 22:03:44 2026
    ** Copyright 1986-2022 Xilinx, Inc. All Rights Reserved.
    ** Copyright 2022-2024 Advanced Micro Devices, Inc. All Rights Reserved.

Sourcing tcl script 'D:/2024_2/Vivado/2024.2/scripts/Vivado_init.tcl'
source async_fifo_32w_32r.tcl -notrace
INFO: [IP_Flow 19-6924] IPCACHE: Running cache check for IP inst: async_fifo_32w_32r
INFO: [IP_Flow 19-6922] IPCACHE: Exporting cached entry 561f92cd0a39d96a to dir: C:/Users/PC/Desktop/fec_verf/prj/fec_lasercom/fec_lasercom.runs/async_fifo_32w_32r_synth_1
INFO: [IP_Flow 19-6928] IPCACHE: copied cached file c:/Users/PC/Desktop/fec_verf/prj/fec_lasercom/fec_lasercom.cache/ip/2024.2/5/6/561f92cd0a39d96a/async_fifo_32w_32r.dcp to C:/Users/PC/Desktop/fec_verf/prj/fec_lasercom/fec_lasercom.runs/async_fifo_32w_32r_synth_1/async_fifo_32w_32r.dcp.
INFO: [IP_Flow 19-6928] IPCACHE: copied cached file c:/Users/PC/Desktop/fec_verf/prj/fec_lasercom/fec_lasercom.cache/ip/2024.2/5/6/561f92cd0a39d96a/async_fifo_32w_32r_sim_netlist.v to C:/Users/PC/Desktop/fec_verf/prj/fec_lasercom/fec_lasercom.runs/async_fifo_32w_32r_synth_1/async_fifo_32w_32r_sim_netlist.v.
INFO: [IP_Flow 19-6928] IPCACHE: copied cached file c:/Users/PC/Desktop/fec_verf/prj/fec_lasercom/fec_lasercom.cache/ip/2024.2/5/6/561f92cd0a39d96a/async_fifo_32w_32r_sim_netlist.vhdl to C:/Users/PC/Desktop/fec_verf/prj/fec_lasercom/fec_lasercom.runs/async_fifo_32w_32r_synth_1/async_fifo_32w_32r_sim_netlist.vhdl.
INFO: [IP_Flow 19-6928] IPCACHE: copied cached file c:/Users/PC/Desktop/fec_verf/prj/fec_lasercom/fec_lasercom.cache/ip/2024.2/5/6/561f92cd0a39d96a/async_fifo_32w_32r_stub.v to C:/Users/PC/Desktop/fec_verf/prj/fec_lasercom/fec_lasercom.runs/async_fifo_32w_32r_synth_1/async_fifo_32w_32r_stub.v.
INFO: [IP_Flow 19-6928] IPCACHE: copied cached file c:/Users/PC/Desktop/fec_verf/prj/fec_lasercom/fec_lasercom.cache/ip/2024.2/5/6/561f92cd0a39d96a/async_fifo_32w_32r_stub.vhdl to C:/Users/PC/Desktop/fec_verf/prj/fec_lasercom/fec_lasercom.runs/async_fifo_32w_32r_synth_1/async_fifo_32w_32r_stub.vhdl.
INFO: [IP_Flow 19-4838] Using cached IP synthesis design for IP async_fifo_32w_32r, cache-ID = 561f92cd0a39d96a.
INFO: [Common 17-206] Exiting Vivado at Thu Jan 29 22:03:49 2026...
[Thu Jan 29 22:03:52 2026] async_fifo_32w_32r_synth_1 finished
wait_on_runs: Time (s): cpu = 00:00:01 ; elapsed = 00:00:10 . Memory (MB): peak = 2568.699 ; gain = 0.000
[Thu Jan 29 22:03:52 2026] Waiting for clk_wiz_sys_synth_1 to finish...

*** Running vivado
    with args -log clk_wiz_sys.vds -m64 -product Vivado -mode batch -messageDb vivado.pb -notrace -source clk_wiz_sys.tcl



****** Vivado v2024.2 (64-bit)
  **** SW Build 5239630 on Fri Nov 08 22:35:27 MST 2024
  **** IP Build 5239520 on Sun Nov 10 16:12:51 MST 2024
  **** SharedData Build 5239561 on Fri Nov 08 14:39:27 MST 2024
  **** Start of session at: Thu Jan 29 22:03:44 2026
    ** Copyright 1986-2022 Xilinx, Inc. All Rights Reserved.
    ** Copyright 2022-2024 Advanced Micro Devices, Inc. All Rights Reserved.

Sourcing tcl script 'D:/2024_2/Vivado/2024.2/scripts/Vivado_init.tcl'
source clk_wiz_sys.tcl -notrace
INFO: [IP_Flow 19-6924] IPCACHE: Running cache check for IP inst: clk_wiz_sys
INFO: [IP_Flow 19-6922] IPCACHE: Exporting cached entry 06263d495aba296c to dir: C:/Users/PC/Desktop/fec_verf/prj/fec_lasercom/fec_lasercom.runs/clk_wiz_sys_synth_1
INFO: [IP_Flow 19-6928] IPCACHE: copied cached file c:/Users/PC/Desktop/fec_verf/prj/fec_lasercom/fec_lasercom.cache/ip/2024.2/0/6/06263d495aba296c/clk_wiz_sys.dcp to C:/Users/PC/Desktop/fec_verf/prj/fec_lasercom/fec_lasercom.runs/clk_wiz_sys_synth_1/clk_wiz_sys.dcp.
INFO: [IP_Flow 19-6928] IPCACHE: copied cached file c:/Users/PC/Desktop/fec_verf/prj/fec_lasercom/fec_lasercom.cache/ip/2024.2/0/6/06263d495aba296c/clk_wiz_sys_sim_netlist.v to C:/Users/PC/Desktop/fec_verf/prj/fec_lasercom/fec_lasercom.runs/clk_wiz_sys_synth_1/clk_wiz_sys_sim_netlist.v.
INFO: [IP_Flow 19-6928] IPCACHE: copied cached file c:/Users/PC/Desktop/fec_verf/prj/fec_lasercom/fec_lasercom.cache/ip/2024.2/0/6/06263d495aba296c/clk_wiz_sys_sim_netlist.vhdl to C:/Users/PC/Desktop/fec_verf/prj/fec_lasercom/fec_lasercom.runs/clk_wiz_sys_synth_1/clk_wiz_sys_sim_netlist.vhdl.
INFO: [IP_Flow 19-6928] IPCACHE: copied cached file c:/Users/PC/Desktop/fec_verf/prj/fec_lasercom/fec_lasercom.cache/ip/2024.2/0/6/06263d495aba296c/clk_wiz_sys_stub.v to C:/Users/PC/Desktop/fec_verf/prj/fec_lasercom/fec_lasercom.runs/clk_wiz_sys_synth_1/clk_wiz_sys_stub.v.
INFO: [IP_Flow 19-6928] IPCACHE: copied cached file c:/Users/PC/Desktop/fec_verf/prj/fec_lasercom/fec_lasercom.cache/ip/2024.2/0/6/06263d495aba296c/clk_wiz_sys_stub.vhdl to C:/Users/PC/Desktop/fec_verf/prj/fec_lasercom/fec_lasercom.runs/clk_wiz_sys_synth_1/clk_wiz_sys_stub.vhdl.
INFO: [IP_Flow 19-4838] Using cached IP synthesis design for IP clk_wiz_sys, cache-ID = 06263d495aba296c.
INFO: [Common 17-206] Exiting Vivado at Thu Jan 29 22:03:49 2026...
[Thu Jan 29 22:03:52 2026] clk_wiz_sys_synth_1 finished
[Thu Jan 29 22:03:52 2026] Waiting for fifo_0_synth_1 to finish...

*** Running vivado
    with args -log fifo_0.vds -m64 -product Vivado -mode batch -messageDb vivado.pb -notrace -source fifo_0.tcl



****** Vivado v2024.2 (64-bit)
  **** SW Build 5239630 on Fri Nov 08 22:35:27 MST 2024
  **** IP Build 5239520 on Sun Nov 10 16:12:51 MST 2024
  **** SharedData Build 5239561 on Fri Nov 08 14:39:27 MST 2024
  **** Start of session at: Thu Jan 29 22:03:44 2026
    ** Copyright 1986-2022 Xilinx, Inc. All Rights Reserved.
    ** Copyright 2022-2024 Advanced Micro Devices, Inc. All Rights Reserved.

Sourcing tcl script 'D:/2024_2/Vivado/2024.2/scripts/Vivado_init.tcl'
source fifo_0.tcl -notrace
INFO: [IP_Flow 19-6924] IPCACHE: Running cache check for IP inst: fifo_0
INFO: [IP_Flow 19-6922] IPCACHE: Exporting cached entry 9b2a660b7d837315 to dir: C:/Users/PC/Desktop/fec_verf/prj/fec_lasercom/fec_lasercom.runs/fifo_0_synth_1
INFO: [IP_Flow 19-6928] IPCACHE: copied cached file c:/Users/PC/Desktop/fec_verf/prj/fec_lasercom/fec_lasercom.cache/ip/2024.2/9/b/9b2a660b7d837315/fifo_0.dcp to C:/Users/PC/Desktop/fec_verf/prj/fec_lasercom/fec_lasercom.runs/fifo_0_synth_1/fifo_0.dcp.
INFO: [IP_Flow 19-6928] IPCACHE: copied cached file c:/Users/PC/Desktop/fec_verf/prj/fec_lasercom/fec_lasercom.cache/ip/2024.2/9/b/9b2a660b7d837315/fifo_0_sim_netlist.v to C:/Users/PC/Desktop/fec_verf/prj/fec_lasercom/fec_lasercom.runs/fifo_0_synth_1/fifo_0_sim_netlist.v.
INFO: [IP_Flow 19-6928] IPCACHE: copied cached file c:/Users/PC/Desktop/fec_verf/prj/fec_lasercom/fec_lasercom.cache/ip/2024.2/9/b/9b2a660b7d837315/fifo_0_sim_netlist.vhdl to C:/Users/PC/Desktop/fec_verf/prj/fec_lasercom/fec_lasercom.runs/fifo_0_synth_1/fifo_0_sim_netlist.vhdl.
INFO: [IP_Flow 19-6928] IPCACHE: copied cached file c:/Users/PC/Desktop/fec_verf/prj/fec_lasercom/fec_lasercom.cache/ip/2024.2/9/b/9b2a660b7d837315/fifo_0_stub.v to C:/Users/PC/Desktop/fec_verf/prj/fec_lasercom/fec_lasercom.runs/fifo_0_synth_1/fifo_0_stub.v.
INFO: [IP_Flow 19-6928] IPCACHE: copied cached file c:/Users/PC/Desktop/fec_verf/prj/fec_lasercom/fec_lasercom.cache/ip/2024.2/9/b/9b2a660b7d837315/fifo_0_stub.vhdl to C:/Users/PC/Desktop/fec_verf/prj/fec_lasercom/fec_lasercom.runs/fifo_0_synth_1/fifo_0_stub.vhdl.
INFO: [IP_Flow 19-4838] Using cached IP synthesis design for IP fifo_0, cache-ID = 9b2a660b7d837315.
INFO: [Common 17-206] Exiting Vivado at Thu Jan 29 22:03:49 2026...
[Thu Jan 29 22:03:53 2026] fifo_0_synth_1 finished
[Thu Jan 29 22:03:53 2026] Waiting for gtwizard_ultrascale_0_synth_1 to finish...

*** Running vivado
    with args -log gtwizard_ultrascale_0.vds -m64 -product Vivado -mode batch -messageDb vivado.pb -notrace -source gtwizard_ultrascale_0.tcl



****** Vivado v2024.2 (64-bit)
  **** SW Build 5239630 on Fri Nov 08 22:35:27 MST 2024
  **** IP Build 5239520 on Sun Nov 10 16:12:51 MST 2024
  **** SharedData Build 5239561 on Fri Nov 08 14:39:27 MST 2024
  **** Start of session at: Thu Jan 29 22:03:44 2026
    ** Copyright 1986-2022 Xilinx, Inc. All Rights Reserved.
    ** Copyright 2022-2024 Advanced Micro Devices, Inc. All Rights Reserved.

Sourcing tcl script 'D:/2024_2/Vivado/2024.2/scripts/Vivado_init.tcl'
source gtwizard_ultrascale_0.tcl -notrace
INFO: [IP_Flow 19-6924] IPCACHE: Running cache check for IP inst: gtwizard_ultrascale_0
INFO: [IP_Flow 19-6922] IPCACHE: Exporting cached entry ff27705b704277fa to dir: C:/Users/PC/Desktop/fec_verf/prj/fec_lasercom/fec_lasercom.runs/gtwizard_ultrascale_0_synth_1
INFO: [IP_Flow 19-6928] IPCACHE: copied cached file c:/Users/PC/Desktop/fec_verf/prj/fec_lasercom/fec_lasercom.cache/ip/2024.2/f/f/ff27705b704277fa/gtwizard_ultrascale_0.dcp to C:/Users/PC/Desktop/fec_verf/prj/fec_lasercom/fec_lasercom.runs/gtwizard_ultrascale_0_synth_1/gtwizard_ultrascale_0.dcp.
INFO: [IP_Flow 19-6928] IPCACHE: copied cached file c:/Users/PC/Desktop/fec_verf/prj/fec_lasercom/fec_lasercom.cache/ip/2024.2/f/f/ff27705b704277fa/gtwizard_ultrascale_0_sim_netlist.v to C:/Users/PC/Desktop/fec_verf/prj/fec_lasercom/fec_lasercom.runs/gtwizard_ultrascale_0_synth_1/gtwizard_ultrascale_0_sim_netlist.v.
INFO: [IP_Flow 19-6928] IPCACHE: copied cached file c:/Users/PC/Desktop/fec_verf/prj/fec_lasercom/fec_lasercom.cache/ip/2024.2/f/f/ff27705b704277fa/gtwizard_ultrascale_0_sim_netlist.vhdl to C:/Users/PC/Desktop/fec_verf/prj/fec_lasercom/fec_lasercom.runs/gtwizard_ultrascale_0_synth_1/gtwizard_ultrascale_0_sim_netlist.vhdl.
INFO: [IP_Flow 19-6928] IPCACHE: copied cached file c:/Users/PC/Desktop/fec_verf/prj/fec_lasercom/fec_lasercom.cache/ip/2024.2/f/f/ff27705b704277fa/gtwizard_ultrascale_0_stub.v to C:/Users/PC/Desktop/fec_verf/prj/fec_lasercom/fec_lasercom.runs/gtwizard_ultrascale_0_synth_1/gtwizard_ultrascale_0_stub.v.
INFO: [IP_Flow 19-6928] IPCACHE: copied cached file c:/Users/PC/Desktop/fec_verf/prj/fec_lasercom/fec_lasercom.cache/ip/2024.2/f/f/ff27705b704277fa/gtwizard_ultrascale_0_stub.vhdl to C:/Users/PC/Desktop/fec_verf/prj/fec_lasercom/fec_lasercom.runs/gtwizard_ultrascale_0_synth_1/gtwizard_ultrascale_0_stub.vhdl.
INFO: [IP_Flow 19-4838] Using cached IP synthesis design for IP gtwizard_ultrascale_0, cache-ID = ff27705b704277fa.
INFO: [Common 17-206] Exiting Vivado at Thu Jan 29 22:03:49 2026...
[Thu Jan 29 22:03:53 2026] gtwizard_ultrascale_0_synth_1 finished
[Thu Jan 29 22:03:53 2026] Waiting for rs_decoder_0_synth_1 to finish...

*** Running vivado
    with args -log rs_decoder_0.vds -m64 -product Vivado -mode batch -messageDb vivado.pb -notrace -source rs_decoder_0.tcl



****** Vivado v2024.2 (64-bit)
  **** SW Build 5239630 on Fri Nov 08 22:35:27 MST 2024
  **** IP Build 5239520 on Sun Nov 10 16:12:51 MST 2024
  **** SharedData Build 5239561 on Fri Nov 08 14:39:27 MST 2024
  **** Start of session at: Thu Jan 29 22:03:44 2026
    ** Copyright 1986-2022 Xilinx, Inc. All Rights Reserved.
    ** Copyright 2022-2024 Advanced Micro Devices, Inc. All Rights Reserved.

Sourcing tcl script 'D:/2024_2/Vivado/2024.2/scripts/Vivado_init.tcl'
source rs_decoder_0.tcl -notrace
INFO: [IP_Flow 19-6924] IPCACHE: Running cache check for IP inst: rs_decoder_0
INFO: [IP_Flow 19-6922] IPCACHE: Exporting cached entry 0f6059bd212d9b39 to dir: C:/Users/PC/Desktop/fec_verf/prj/fec_lasercom/fec_lasercom.runs/rs_decoder_0_synth_1
INFO: [IP_Flow 19-6928] IPCACHE: copied cached file c:/Users/PC/Desktop/fec_verf/prj/fec_lasercom/fec_lasercom.cache/ip/2024.2/0/f/0f6059bd212d9b39/rs_decoder_0.dcp to C:/Users/PC/Desktop/fec_verf/prj/fec_lasercom/fec_lasercom.runs/rs_decoder_0_synth_1/rs_decoder_0.dcp.
INFO: [IP_Flow 19-6928] IPCACHE: copied cached file c:/Users/PC/Desktop/fec_verf/prj/fec_lasercom/fec_lasercom.cache/ip/2024.2/0/f/0f6059bd212d9b39/rs_decoder_0_sim_netlist.v to C:/Users/PC/Desktop/fec_verf/prj/fec_lasercom/fec_lasercom.runs/rs_decoder_0_synth_1/rs_decoder_0_sim_netlist.v.
INFO: [IP_Flow 19-6928] IPCACHE: copied cached file c:/Users/PC/Desktop/fec_verf/prj/fec_lasercom/fec_lasercom.cache/ip/2024.2/0/f/0f6059bd212d9b39/rs_decoder_0_sim_netlist.vhdl to C:/Users/PC/Desktop/fec_verf/prj/fec_lasercom/fec_lasercom.runs/rs_decoder_0_synth_1/rs_decoder_0_sim_netlist.vhdl.
INFO: [IP_Flow 19-6928] IPCACHE: copied cached file c:/Users/PC/Desktop/fec_verf/prj/fec_lasercom/fec_lasercom.cache/ip/2024.2/0/f/0f6059bd212d9b39/rs_decoder_0_stub.v to C:/Users/PC/Desktop/fec_verf/prj/fec_lasercom/fec_lasercom.runs/rs_decoder_0_synth_1/rs_decoder_0_stub.v.
INFO: [IP_Flow 19-6928] IPCACHE: copied cached file c:/Users/PC/Desktop/fec_verf/prj/fec_lasercom/fec_lasercom.cache/ip/2024.2/0/f/0f6059bd212d9b39/rs_decoder_0_stub.vhdl to C:/Users/PC/Desktop/fec_verf/prj/fec_lasercom/fec_lasercom.runs/rs_decoder_0_synth_1/rs_decoder_0_stub.vhdl.
INFO: [IP_Flow 19-4838] Using cached IP synthesis design for IP rs_decoder_0, cache-ID = 0f6059bd212d9b39.
INFO: [Common 17-206] Exiting Vivado at Thu Jan 29 22:03:52 2026...
[Thu Jan 29 22:03:53 2026] rs_decoder_0_synth_1 finished
[Thu Jan 29 22:03:53 2026] Waiting for rs_encoder_0_synth_1 to finish...

*** Running vivado
    with args -log rs_encoder_0.vds -m64 -product Vivado -mode batch -messageDb vivado.pb -notrace -source rs_encoder_0.tcl



****** Vivado v2024.2 (64-bit)
  **** SW Build 5239630 on Fri Nov 08 22:35:27 MST 2024
  **** IP Build 5239520 on Sun Nov 10 16:12:51 MST 2024
  **** SharedData Build 5239561 on Fri Nov 08 14:39:27 MST 2024
  **** Start of session at: Thu Jan 29 22:03:44 2026
    ** Copyright 1986-2022 Xilinx, Inc. All Rights Reserved.
    ** Copyright 2022-2024 Advanced Micro Devices, Inc. All Rights Reserved.

Sourcing tcl script 'D:/2024_2/Vivado/2024.2/scripts/Vivado_init.tcl'
source rs_encoder_0.tcl -notrace
INFO: [IP_Flow 19-6924] IPCACHE: Running cache check for IP inst: rs_encoder_0
INFO: [IP_Flow 19-6922] IPCACHE: Exporting cached entry 520d99038a9ff66a to dir: C:/Users/PC/Desktop/fec_verf/prj/fec_lasercom/fec_lasercom.runs/rs_encoder_0_synth_1
INFO: [IP_Flow 19-6928] IPCACHE: copied cached file c:/Users/PC/Desktop/fec_verf/prj/fec_lasercom/fec_lasercom.cache/ip/2024.2/5/2/520d99038a9ff66a/rs_encoder_0.dcp to C:/Users/PC/Desktop/fec_verf/prj/fec_lasercom/fec_lasercom.runs/rs_encoder_0_synth_1/rs_encoder_0.dcp.
INFO: [IP_Flow 19-6928] IPCACHE: copied cached file c:/Users/PC/Desktop/fec_verf/prj/fec_lasercom/fec_lasercom.cache/ip/2024.2/5/2/520d99038a9ff66a/rs_encoder_0_sim_netlist.v to C:/Users/PC/Desktop/fec_verf/prj/fec_lasercom/fec_lasercom.runs/rs_encoder_0_synth_1/rs_encoder_0_sim_netlist.v.
INFO: [IP_Flow 19-6928] IPCACHE: copied cached file c:/Users/PC/Desktop/fec_verf/prj/fec_lasercom/fec_lasercom.cache/ip/2024.2/5/2/520d99038a9ff66a/rs_encoder_0_sim_netlist.vhdl to C:/Users/PC/Desktop/fec_verf/prj/fec_lasercom/fec_lasercom.runs/rs_encoder_0_synth_1/rs_encoder_0_sim_netlist.vhdl.
INFO: [IP_Flow 19-6928] IPCACHE: copied cached file c:/Users/PC/Desktop/fec_verf/prj/fec_lasercom/fec_lasercom.cache/ip/2024.2/5/2/520d99038a9ff66a/rs_encoder_0_stub.v to C:/Users/PC/Desktop/fec_verf/prj/fec_lasercom/fec_lasercom.runs/rs_encoder_0_synth_1/rs_encoder_0_stub.v.
INFO: [IP_Flow 19-6928] IPCACHE: copied cached file c:/Users/PC/Desktop/fec_verf/prj/fec_lasercom/fec_lasercom.cache/ip/2024.2/5/2/520d99038a9ff66a/rs_encoder_0_stub.vhdl to C:/Users/PC/Desktop/fec_verf/prj/fec_lasercom/fec_lasercom.runs/rs_encoder_0_synth_1/rs_encoder_0_stub.vhdl.
INFO: [IP_Flow 19-4838] Using cached IP synthesis design for IP rs_encoder_0, cache-ID = 520d99038a9ff66a.
INFO: [Common 17-206] Exiting Vivado at Thu Jan 29 22:03:51 2026...
[Thu Jan 29 22:03:53 2026] rs_encoder_0_synth_1 finished
puts "========================================================"
========================================================
puts "   所有 IP 核修复完成！"
   所有 IP 核修复完成！
puts "   请再次尝试运行双顶层并行编译脚本。"
   请再次尝试运行双顶层并行编译脚本。
puts "========================================================"
========================================================
# ==============================================================================
# Vivado 双顶层并行编译脚本 (修正版)
# 功能：利用"切换-发射"机制实现并行编译
# ==============================================================================
# 1. 配置参数
set tx_top "fec_tx_fpga_top"
fec_tx_fpga_top
set rx_top "fec_rx_fpga_top"
fec_rx_fpga_top
set jobs_cnt 8  ;# 根据 CPU 核心数调整
8
puts "--------------------------------------------------------"
--------------------------------------------------------
puts " 开始配置双顶层并行编译环境 (Switch-and-Launch 模式)..."
 开始配置双顶层并行编译环境 (Switch-and-Launch 模式)...
puts "--------------------------------------------------------"
--------------------------------------------------------
# 获取基础配置
set base_synth "synth_1"
synth_1
set base_impl  "impl_1"
impl_1
set flow_synth [get_property FLOW [get_runs $base_synth]]
Vivado Synthesis 2024
set flow_impl  [get_property FLOW [get_runs $base_impl]]
Vivado Implementation 2024
set part_name  [get_property PART [current_project]]
xczu15eg-ffvb1156-2-i
# ==============================================================================
# 函数：准备 Run (不设置 TOP，只创建对象)
# ==============================================================================
proc prepare_run_obj {run_prefix base_s base_i flow_s flow_i part} {
    set s_run "synth_${run_prefix}"
    set i_run "impl_${run_prefix}"

    if {[get_runs -quiet $s_run] == ""} {
        puts " -> 创建综合 Run: $s_run"
        create_run $s_run -flow $flow_s -part $part
    }
    
    if {[get_runs -quiet $i_run] == ""} {
        puts " -> 创建实现 Run: $i_run"
        create_run $i_run -parent_run $s_run -flow $flow_i -part $part
    }
    return $i_run
}
# 1. 准备运行对象
set tx_impl_run [prepare_run_obj "tx" $base_synth $base_impl $flow_synth $flow_impl $part_name]
impl_tx
set rx_impl_run [prepare_run_obj "rx" $base_synth $base_impl $flow_synth $flow_impl $part_name]
impl_rx
# ==============================================================================
# 2. 发射 TX 任务
# ==============================================================================
puts "--------------------------------------------------------"
--------------------------------------------------------
puts " [1/2] 正在配置并启动 TX 任务..."
 [1/2] 正在配置并启动 TX 任务...
# A. 切换全局 Top 为 TX
set_property top $tx_top [current_fileset]
update_compile_order -fileset sources_1
INFO: [Vivado 12-3458] The update_compile_order command is not intended for use in the GUI, where compile order updates occur based on project changes and the hierarchy update settings. No update performed.
# B. 重置并启动 TX (生成的脚本将锁定当前的 Top)
reset_run [get_runs -filter "NAME =~ *tx*"]
launch_runs $tx_impl_run -to_step write_bitstream -jobs $jobs_cnt
[Thu Jan 29 22:04:13 2026] Launched synth_tx...
Run output will be captured here: C:/Users/PC/Desktop/fec_verf/prj/fec_lasercom/fec_lasercom.runs/synth_tx/runme.log
[Thu Jan 29 22:04:13 2026] Launched impl_tx...
Run output will be captured here: C:/Users/PC/Desktop/fec_verf/prj/fec_lasercom/fec_lasercom.runs/impl_tx/runme.log
puts " -> TX 任务已在后台启动。"
 -> TX 任务已在后台启动。
# ==============================================================================
# 3. 发射 RX 任务
# ==============================================================================
puts "--------------------------------------------------------"
--------------------------------------------------------
puts " [2/2] 正在配置并启动 RX 任务..."
 [2/2] 正在配置并启动 RX 任务...
# A. 切换全局 Top 为 RX
set_property top $rx_top [current_fileset]
update_compile_order -fileset sources_1
INFO: [Vivado 12-3458] The update_compile_order command is not intended for use in the GUI, where compile order updates occur based on project changes and the hierarchy update settings. No update performed.
# B. 重置并启动 RX (生成的脚本将锁定当前的 Top)
reset_run [get_runs -filter "NAME =~ *rx*"]
INFO: [Project 1-1161] Replacing file C:/Users/PC/Desktop/fec_verf/prj/fec_lasercom/fec_lasercom.srcs/utils_1/imports/synth_rx/fec_rx_fpga_top.dcp with file C:/Users/PC/Desktop/fec_verf/prj/fec_lasercom/fec_lasercom.runs/synth_rx/fec_rx_fpga_top.dcp
launch_runs $rx_impl_run -to_step write_bitstream -jobs $jobs_cnt
[Thu Jan 29 22:04:14 2026] Launched synth_rx...
Run output will be captured here: C:/Users/PC/Desktop/fec_verf/prj/fec_lasercom/fec_lasercom.runs/synth_rx/runme.log
[Thu Jan 29 22:04:14 2026] Launched impl_rx...
Run output will be captured here: C:/Users/PC/Desktop/fec_verf/prj/fec_lasercom/fec_lasercom.runs/impl_rx/runme.log
puts " -> RX 任务已在后台启动。"
 -> RX 任务已在后台启动。
# ==============================================================================
# 4. 等待结果并导出
# ==============================================================================
puts "--------------------------------------------------------"
--------------------------------------------------------
puts " 双任务并行编译中，脚本将挂起等待结果 (请勿关闭 Vivado)..."
 双任务并行编译中，脚本将挂起等待结果 (请勿关闭 Vivado)...
# 等待两个运行完成
wait_on_run $tx_impl_run
[Thu Jan 29 22:04:14 2026] Waiting for impl_tx to finish...
[Thu Jan 29 22:04:19 2026] Waiting for impl_tx to finish...
[Thu Jan 29 22:04:24 2026] Waiting for impl_tx to finish...
[Thu Jan 29 22:04:30 2026] Waiting for impl_tx to finish...
[Thu Jan 29 22:04:40 2026] Waiting for impl_tx to finish...
[Thu Jan 29 22:04:50 2026] Waiting for impl_tx to finish...
[Thu Jan 29 22:05:00 2026] Waiting for impl_tx to finish...
[Thu Jan 29 22:05:10 2026] Waiting for impl_tx to finish...
[Thu Jan 29 22:05:30 2026] Waiting for impl_tx to finish...
[Thu Jan 29 22:05:50 2026] Waiting for impl_tx to finish...
[Thu Jan 29 22:06:10 2026] Waiting for impl_tx to finish...
[Thu Jan 29 22:06:30 2026] Waiting for impl_tx to finish...
[Thu Jan 29 22:07:11 2026] Waiting for impl_tx to finish...
[Thu Jan 29 22:07:51 2026] Waiting for impl_tx to finish...
[Thu Jan 29 22:08:32 2026] Waiting for impl_tx to finish...
[Thu Jan 29 22:09:12 2026] Waiting for impl_tx to finish...

*** Running vivado
    with args -log fec_tx_fpga_top.vdi -applog -m64 -product Vivado -messageDb vivado.pb -mode batch -source fec_tx_fpga_top.tcl -notrace



****** Vivado v2024.2 (64-bit)
  **** SW Build 5239630 on Fri Nov 08 22:35:27 MST 2024
  **** IP Build 5239520 on Sun Nov 10 16:12:51 MST 2024
  **** SharedData Build 5239561 on Fri Nov 08 14:39:27 MST 2024
  **** Start of session at: Thu Jan 29 22:05:30 2026
    ** Copyright 1986-2022 Xilinx, Inc. All Rights Reserved.
    ** Copyright 2022-2024 Advanced Micro Devices, Inc. All Rights Reserved.

Sourcing tcl script 'D:/2024_2/Vivado/2024.2/scripts/Vivado_init.tcl'
source fec_tx_fpga_top.tcl -notrace
Command: link_design -top fec_tx_fpga_top -part xczu15eg-ffvb1156-2-i
Design is defaulting to srcset: sources_1
Design is defaulting to constrset: constrs_1
INFO: [Device 21-403] Loading part xczu15eg-ffvb1156-2-i
INFO: [Project 1-454] Reading design checkpoint 'c:/Users/PC/Desktop/fec_verf/prj/fec_lasercom/fec_lasercom.gen/clk_wiz_sys/ip/clk_wiz_sys/clk_wiz_sys.dcp' for cell 'u_clk_wiz'
INFO: [Project 1-454] Reading design checkpoint 'c:/Users/PC/Desktop/fec_verf/prj/fec_lasercom/fec_lasercom.gen/async_fifo_32w_32r/ip/async_fifo_32w_32r/async_fifo_32w_32r.dcp' for cell 'u_fec_tx/u_tx_fifo'
INFO: [Project 1-454] Reading design checkpoint 'c:/Users/PC/Desktop/fec_verf/prj/fec_lasercom/fec_lasercom.gen/rs_encoder_0/ip/rs_encoder_0/rs_encoder_0.dcp' for cell 'u_fec_tx/u_rs_encode_frontend/Encoder'
INFO: [Project 1-454] Reading design checkpoint 'c:/Users/PC/Desktop/fec_verf/prj/fec_lasercom/fec_lasercom.gen/fifo_0/ip/fifo_0/fifo_0.dcp' for cell 'u_fec_tx/u_rs_encode_frontend/fifo0_inst2'
INFO: [Project 1-454] Reading design checkpoint 'c:/Users/PC/Desktop/fec_verf/prj/fec_lasercom/fec_lasercom.gen/gtwizard_ultrascale_0/ip/gtwizard_ultrascale_0/gtwizard_ultrascale_0.dcp' for cell 'u_gth_raw/u_gth'
Netlist sorting complete. Time (s): cpu = 00:00:01 ; elapsed = 00:00:00.111 . Memory (MB): peak = 1580.547 ; gain = 0.000
INFO: [Netlist 29-17] Analyzing 1008 Unisim elements for replacement
INFO: [Netlist 29-28] Unisim Transformation completed in 0 CPU seconds
INFO: [Project 1-479] Netlist was created with Vivado 2024.2
INFO: [Project 1-570] Preparing netlist for logic optimization
Parsing XDC File [c:/Users/PC/Desktop/fec_verf/prj/fec_lasercom/fec_lasercom.gen/fifo_0/ip/fifo_0/fifo_0.xdc] for cell 'u_fec_tx/u_rs_encode_frontend/fifo0_inst2/U0'
Finished Parsing XDC File [c:/Users/PC/Desktop/fec_verf/prj/fec_lasercom/fec_lasercom.gen/fifo_0/ip/fifo_0/fifo_0.xdc] for cell 'u_fec_tx/u_rs_encode_frontend/fifo0_inst2/U0'
Parsing XDC File [c:/Users/PC/Desktop/fec_verf/prj/fec_lasercom/fec_lasercom.gen/clk_wiz_sys/ip/clk_wiz_sys/clk_wiz_sys_board.xdc] for cell 'u_clk_wiz/inst'
Finished Parsing XDC File [c:/Users/PC/Desktop/fec_verf/prj/fec_lasercom/fec_lasercom.gen/clk_wiz_sys/ip/clk_wiz_sys/clk_wiz_sys_board.xdc] for cell 'u_clk_wiz/inst'
Parsing XDC File [c:/Users/PC/Desktop/fec_verf/prj/fec_lasercom/fec_lasercom.gen/clk_wiz_sys/ip/clk_wiz_sys/clk_wiz_sys.xdc] for cell 'u_clk_wiz/inst'
INFO: [Timing 38-35] Done setting XDC timing constraints. [c:/Users/PC/Desktop/fec_verf/prj/fec_lasercom/fec_lasercom.gen/clk_wiz_sys/ip/clk_wiz_sys/clk_wiz_sys.xdc:54]
INFO: [Timing 38-2] Deriving generated clocks [c:/Users/PC/Desktop/fec_verf/prj/fec_lasercom/fec_lasercom.gen/clk_wiz_sys/ip/clk_wiz_sys/clk_wiz_sys.xdc:54]
get_clocks: Time (s): cpu = 00:00:11 ; elapsed = 00:00:08 . Memory (MB): peak = 2433.324 ; gain = 852.777
Finished Parsing XDC File [c:/Users/PC/Desktop/fec_verf/prj/fec_lasercom/fec_lasercom.gen/clk_wiz_sys/ip/clk_wiz_sys/clk_wiz_sys.xdc] for cell 'u_clk_wiz/inst'
Parsing XDC File [c:/Users/PC/Desktop/fec_verf/prj/fec_lasercom/fec_lasercom.gen/async_fifo_32w_32r/ip/async_fifo_32w_32r/async_fifo_32w_32r.xdc] for cell 'u_fec_tx/u_tx_fifo/U0'
Finished Parsing XDC File [c:/Users/PC/Desktop/fec_verf/prj/fec_lasercom/fec_lasercom.gen/async_fifo_32w_32r/ip/async_fifo_32w_32r/async_fifo_32w_32r.xdc] for cell 'u_fec_tx/u_tx_fifo/U0'
Parsing XDC File [c:/Users/PC/Desktop/fec_verf/prj/fec_lasercom/fec_lasercom.gen/gtwizard_ultrascale_0/ip/gtwizard_ultrascale_0/synth/gtwizard_ultrascale_0.xdc] for cell 'u_gth_raw/u_gth/inst'
Finished Parsing XDC File [c:/Users/PC/Desktop/fec_verf/prj/fec_lasercom/fec_lasercom.gen/gtwizard_ultrascale_0/ip/gtwizard_ultrascale_0/synth/gtwizard_ultrascale_0.xdc] for cell 'u_gth_raw/u_gth/inst'
Parsing XDC File [C:/Users/PC/Desktop/fec_verf/prj/fec_lasercom/constraints/system_cons.xdc]
Finished Parsing XDC File [C:/Users/PC/Desktop/fec_verf/prj/fec_lasercom/constraints/system_cons.xdc]
Parsing XDC File [c:/Users/PC/Desktop/fec_verf/prj/fec_lasercom/fec_lasercom.gen/fifo_0/ip/fifo_0/fifo_0_clocks.xdc] for cell 'u_fec_tx/u_rs_encode_frontend/fifo0_inst2/U0'
Finished Parsing XDC File [c:/Users/PC/Desktop/fec_verf/prj/fec_lasercom/fec_lasercom.gen/fifo_0/ip/fifo_0/fifo_0_clocks.xdc] for cell 'u_fec_tx/u_rs_encode_frontend/fifo0_inst2/U0'
Parsing XDC File [c:/Users/PC/Desktop/fec_verf/prj/fec_lasercom/fec_lasercom.gen/async_fifo_32w_32r/ip/async_fifo_32w_32r/async_fifo_32w_32r_clocks.xdc] for cell 'u_fec_tx/u_tx_fifo/U0'
Finished Parsing XDC File [c:/Users/PC/Desktop/fec_verf/prj/fec_lasercom/fec_lasercom.gen/async_fifo_32w_32r/ip/async_fifo_32w_32r/async_fifo_32w_32r_clocks.xdc] for cell 'u_fec_tx/u_tx_fifo/U0'
INFO: [Project 1-1714] 9 XPM XDC files have been applied to the design.
INFO: [Opt 31-138] Pushed 0 inverter(s) to 0 load pin(s).
INFO: [Opt 31-441] Inserted BUFG_GT_SYNC u_gth_raw/u_gth/inst/gen_gtwizard_gthe4_top.gtwizard_ultrascale_0_gtwizard_gthe4_inst/gen_gtwizard_gthe4.gen_channel_container[25].gen_enabled_channel.gthe4_channel_wrapper_inst/channel_inst/BUFG_GT_SYNC for BUFG_GT u_gth_raw/u_bufg_rx
INFO: [Opt 31-441] Inserted BUFG_GT_SYNC u_gth_raw/u_gth/inst/gen_gtwizard_gthe4_top.gtwizard_ultrascale_0_gtwizard_gthe4_inst/gen_gtwizard_gthe4.gen_channel_container[25].gen_enabled_channel.gthe4_channel_wrapper_inst/channel_inst/BUFG_GT_SYNC_1 for BUFG_GT u_gth_raw/u_bufg_tx
WARNING: [Opt 31-421] The CLOCK_DOMAINS attribute on FIFO cell u_fec_tx/u_rs_encode_frontend/fifo0_inst2/U0/inst_fifo_gen/gconvfifo.rf/gbi.bi/v8_fifo.fblk/rst_val_sym.gextw_sym[1].inst_extd/gonep.inst_prim/gf18e2_inst.sngfifo18e2 has been changed from INDEPENDENT to COMMON to match the clocking topology used for the FIFO
INFO: [Project 1-1687] 19 scoped IP constraints or related sub-commands were skipped due to synthesis logic optimizations usually triggered by constant connectivity or unconnected output pins. To review the skipped constraints and messages, run the command 'set_param netlist.IPMsgFiltering false' before opening the design.
Netlist sorting complete. Time (s): cpu = 00:00:00 ; elapsed = 00:00:00.017 . Memory (MB): peak = 2433.324 ; gain = 0.000
INFO: [Project 1-111] Unisim Transformation Summary:
  A total of 3 instances were transformed.
  DSP48E2 => DSP48E2 (DSP_ALU, DSP_A_B_DATA, DSP_C_DATA, DSP_MULTIPLIER, DSP_M_DATA, DSP_OUTPUT, DSP_PREADD, DSP_PREADD_DATA): 1 instance 
  IBUF => IBUF (IBUFCTRL, INBUF): 1 instance 
  IBUFDS => IBUFDS (DIFFINBUF, IBUFCTRL): 1 instance 

18 Infos, 1 Warnings, 0 Critical Warnings and 0 Errors encountered.
link_design completed successfully
link_design: Time (s): cpu = 00:00:23 ; elapsed = 00:00:17 . Memory (MB): peak = 2433.324 ; gain = 1929.453
Command: opt_design
Attempting to get a license for feature 'Implementation' and/or device 'xczu15eg'
INFO: [Common 17-349] Got license for feature 'Implementation' and/or device 'xczu15eg'
Running DRC as a precondition to command opt_design

Starting DRC Task
INFO: [DRC 23-27] Running DRC with 32 threads
INFO: [Project 1-461] DRC finished with 0 Errors
INFO: [Project 1-462] Please refer to the DRC report (report_drc) for more information.

Time (s): cpu = 00:00:02 ; elapsed = 00:00:00.467 . Memory (MB): peak = 2655.016 ; gain = 221.691

Starting Cache Timing Information Task
INFO: [Timing 38-35] Done setting XDC timing constraints.
Ending Cache Timing Information Task | Checksum: 29df2a579

Time (s): cpu = 00:00:04 ; elapsed = 00:00:00.545 . Memory (MB): peak = 2655.016 ; gain = 0.000

Starting Logic Optimization Task

Phase 1 Initialization

Phase 1.1 Core Generation And Design Setup
Phase 1.1 Core Generation And Design Setup | Checksum: 29df2a579

Time (s): cpu = 00:00:00 ; elapsed = 00:00:00.007 . Memory (MB): peak = 2861.863 ; gain = 0.000

Phase 1.2 Setup Constraints And Sort Netlist
Phase 1.2 Setup Constraints And Sort Netlist | Checksum: 29df2a579

Time (s): cpu = 00:00:00 ; elapsed = 00:00:00.013 . Memory (MB): peak = 2861.863 ; gain = 0.000
Phase 1 Initialization | Checksum: 29df2a579

Time (s): cpu = 00:00:00 ; elapsed = 00:00:00.014 . Memory (MB): peak = 2861.863 ; gain = 0.000

Phase 2 Timer Update And Timing Data Collection

Phase 2.1 Timer Update
Phase 2.1 Timer Update | Checksum: 29df2a579

Time (s): cpu = 00:00:01 ; elapsed = 00:00:00.138 . Memory (MB): peak = 2861.863 ; gain = 0.000

Phase 2.2 Timing Data Collection
Phase 2.2 Timing Data Collection | Checksum: 29df2a579

Time (s): cpu = 00:00:01 ; elapsed = 00:00:00.151 . Memory (MB): peak = 2861.863 ; gain = 0.000
Phase 2 Timer Update And Timing Data Collection | Checksum: 29df2a579

Time (s): cpu = 00:00:01 ; elapsed = 00:00:00.152 . Memory (MB): peak = 2861.863 ; gain = 0.000

Phase 3 Retarget
INFO: [Opt 31-1851] Number of loadless carry chains removed were: 0
INFO: [Opt 31-1834] Total Chains To Be Transformed Were: 0 AND Number of Transformed insts Created are: 0
INFO: [Opt 31-1566] Pulled 2 inverters resulting in an inversion of 530 pins
INFO: [Opt 31-138] Pushed 6 inverter(s) to 30 load pin(s).
INFO: [Opt 31-49] Retargeted 0 cell(s).
Phase 3 Retarget | Checksum: 29d7005b7

Time (s): cpu = 00:00:02 ; elapsed = 00:00:00.379 . Memory (MB): peak = 2861.863 ; gain = 0.000
Retarget | Checksum: 29d7005b7
INFO: [Opt 31-389] Phase Retarget created 5 cells and removed 38 cells
INFO: [Opt 31-1021] In phase Retarget, 27 netlist objects are constrained preventing optimization. Please run opt_design with -debug_log to get more detail. 

Phase 4 Constant propagation
INFO: [Opt 31-138] Pushed 0 inverter(s) to 0 load pin(s).
Phase 4 Constant propagation | Checksum: 2b6d3b9cd

Time (s): cpu = 00:00:02 ; elapsed = 00:00:00.410 . Memory (MB): peak = 2861.863 ; gain = 0.000
Constant propagation | Checksum: 2b6d3b9cd
INFO: [Opt 31-389] Phase Constant propagation created 0 cells and removed 5 cells
INFO: [Opt 31-1021] In phase Constant propagation, 7 netlist objects are constrained preventing optimization. Please run opt_design with -debug_log to get more detail. 

Phase 5 Sweep
INFO: [Constraints 18-11670] Building netlist checker database with flags, 0x8
Done building netlist checker database: Time (s): cpu = 00:00:00 ; elapsed = 00:00:00.002 . Memory (MB): peak = 2861.863 ; gain = 0.000
INFO: [Constraints 18-11670] Building netlist checker database with flags, 0x8
Done building netlist checker database: Time (s): cpu = 00:00:00 ; elapsed = 00:00:00.001 . Memory (MB): peak = 2861.863 ; gain = 0.000
Phase 5 Sweep | Checksum: 22898208e

Time (s): cpu = 00:00:02 ; elapsed = 00:00:00.677 . Memory (MB): peak = 2861.863 ; gain = 0.000
Sweep | Checksum: 22898208e
INFO: [Opt 31-389] Phase Sweep created 0 cells and removed 78 cells
INFO: [Opt 31-1021] In phase Sweep, 30 netlist objects are constrained preventing optimization. Please run opt_design with -debug_log to get more detail. 

Phase 6 BUFG optimization
INFO: [Opt 31-1077] Phase BUFG optimization inserted 0 global clock buffer(s) for CLOCK_LOW_FANOUT.
Phase 6 BUFG optimization | Checksum: 22898208e

Time (s): cpu = 00:00:03 ; elapsed = 00:00:00.798 . Memory (MB): peak = 2861.863 ; gain = 0.000
BUFG optimization | Checksum: 22898208e
INFO: [Opt 31-662] Phase BUFG optimization created 0 cells of which 0 are BUFGs and removed 0 cells.

Phase 7 Shift Register Optimization
INFO: [Opt 31-1064] SRL Remap converted 0 SRLs to 0 registers and converted 0 registers of register chains to 0 SRLs
Phase 7 Shift Register Optimization | Checksum: 22898208e

Time (s): cpu = 00:00:03 ; elapsed = 00:00:00.808 . Memory (MB): peak = 2861.863 ; gain = 0.000
Shift Register Optimization | Checksum: 22898208e
INFO: [Opt 31-389] Phase Shift Register Optimization created 0 cells and removed 0 cells

Phase 8 Post Processing Netlist
Phase 8 Post Processing Netlist | Checksum: 22898208e

Time (s): cpu = 00:00:03 ; elapsed = 00:00:00.825 . Memory (MB): peak = 2861.863 ; gain = 0.000
Post Processing Netlist | Checksum: 22898208e
INFO: [Opt 31-389] Phase Post Processing Netlist created 0 cells and removed 0 cells
INFO: [Opt 31-1021] In phase Post Processing Netlist, 9 netlist objects are constrained preventing optimization. Please run opt_design with -debug_log to get more detail. 

Phase 9 Finalization

Phase 9.1 Finalizing Design Cores and Updating Shapes
Phase 9.1 Finalizing Design Cores and Updating Shapes | Checksum: 21af96e10

Time (s): cpu = 00:00:03 ; elapsed = 00:00:00.930 . Memory (MB): peak = 2861.863 ; gain = 0.000

Phase 9.2 Verifying Netlist Connectivity

Starting Connectivity Check Task

Time (s): cpu = 00:00:00 ; elapsed = 00:00:00.022 . Memory (MB): peak = 2861.863 ; gain = 0.000
Phase 9.2 Verifying Netlist Connectivity | Checksum: 21af96e10

Time (s): cpu = 00:00:03 ; elapsed = 00:00:00.954 . Memory (MB): peak = 2861.863 ; gain = 0.000
Phase 9 Finalization | Checksum: 21af96e10

Time (s): cpu = 00:00:03 ; elapsed = 00:00:00.955 . Memory (MB): peak = 2861.863 ; gain = 0.000
Opt_design Change Summary
=========================


-------------------------------------------------------------------------------------------------------------------------
|  Phase                        |  #Cells created  |  #Cells Removed  |  #Constrained objects preventing optimizations  |
-------------------------------------------------------------------------------------------------------------------------
|  Retarget                     |               5  |              38  |                                             27  |
|  Constant propagation         |               0  |               5  |                                              7  |
|  Sweep                        |               0  |              78  |                                             30  |
|  BUFG optimization            |               0  |               0  |                                              0  |
|  Shift Register Optimization  |               0  |               0  |                                              0  |
|  Post Processing Netlist      |               0  |               0  |                                              9  |
-------------------------------------------------------------------------------------------------------------------------


Ending Logic Optimization Task | Checksum: 21af96e10

Time (s): cpu = 00:00:03 ; elapsed = 00:00:00.958 . Memory (MB): peak = 2861.863 ; gain = 0.000

Starting Power Optimization Task
INFO: [Pwropt 34-132] Skipping clock gating for clocks with a period < 2.00 ns.
INFO: [Timing 38-35] Done setting XDC timing constraints.
INFO: [Pwropt 34-9] Applying IDT optimizations ...
INFO: [Pwropt 34-10] Applying ODC optimizations ...
Running Vector-less Activity Propagation...

Finished Running Vector-less Activity Propagation


Starting PowerOpt Patch Enables Task
INFO: [Pwropt 34-162] WRITE_MODE attribute of 4 BRAM(s) out of a total of 516 has been updated to save power. Run report_power_opt to get a complete listing of the BRAMs updated.
INFO: [Timing 38-35] Done setting XDC timing constraints.
INFO: [Pwropt 34-201] Structural ODC has moved 68 WE to EN ports
Number of BRAM Ports augmented: 460 newly gated: 68 Total Ports: 1032
Ending PowerOpt Patch Enables Task | Checksum: 2ade2cab9

Time (s): cpu = 00:00:05 ; elapsed = 00:00:02 . Memory (MB): peak = 4436.258 ; gain = 0.000
Ending Power Optimization Task | Checksum: 2ade2cab9

Time (s): cpu = 00:00:48 ; elapsed = 00:00:21 . Memory (MB): peak = 4436.258 ; gain = 1574.395

Starting Final Cleanup Task
Ending Final Cleanup Task | Checksum: 2ade2cab9

Time (s): cpu = 00:00:01 ; elapsed = 00:00:00.001 . Memory (MB): peak = 4436.258 ; gain = 0.000

Starting Netlist Obfuscation Task
Netlist sorting complete. Time (s): cpu = 00:00:00 ; elapsed = 00:00:00.084 . Memory (MB): peak = 4436.258 ; gain = 0.000
Ending Netlist Obfuscation Task | Checksum: 2ce219fb7

Time (s): cpu = 00:00:00 ; elapsed = 00:00:00.237 . Memory (MB): peak = 4436.258 ; gain = 0.000
INFO: [Common 17-83] Releasing license: Implementation
51 Infos, 1 Warnings, 0 Critical Warnings and 0 Errors encountered.
opt_design completed successfully
opt_design: Time (s): cpu = 00:01:00 ; elapsed = 00:00:26 . Memory (MB): peak = 4436.258 ; gain = 2002.934
INFO: [Vivado 12-24828] Executing command : report_drc -file fec_tx_fpga_top_drc_opted.rpt -pb fec_tx_fpga_top_drc_opted.pb -rpx fec_tx_fpga_top_drc_opted.rpx
Command: report_drc -file fec_tx_fpga_top_drc_opted.rpt -pb fec_tx_fpga_top_drc_opted.pb -rpx fec_tx_fpga_top_drc_opted.rpx
INFO: [IP_Flow 19-1839] IP Catalog is up to date.
INFO: [DRC 23-27] Running DRC with 32 threads
INFO: [Vivado_Tcl 2-168] The results of DRC are in file C:/Users/PC/Desktop/fec_verf/prj/fec_lasercom/fec_lasercom.runs/impl_tx/fec_tx_fpga_top_drc_opted.rpt.
report_drc completed successfully
INFO: [Timing 38-35] Done setting XDC timing constraints.
INFO: [Timing 38-480] Writing timing data to binary archive.
Wrote PlaceDB: Time (s): cpu = 00:00:00 ; elapsed = 00:00:00.002 . Memory (MB): peak = 4436.258 ; gain = 0.000
Wrote PulsedLatchDB: Time (s): cpu = 00:00:00 ; elapsed = 00:00:00 . Memory (MB): peak = 4436.258 ; gain = 0.000
Writing XDEF routing.
Write ShapeDB Complete: Time (s): cpu = 00:00:00 ; elapsed = 00:00:00.010 . Memory (MB): peak = 4436.258 ; gain = 0.000
Writing XDEF routing logical nets.
Writing XDEF routing special nets.
Wrote RouteStorage: Time (s): cpu = 00:00:00 ; elapsed = 00:00:00.036 . Memory (MB): peak = 4436.258 ; gain = 0.000
Wrote Netlist Cache: Time (s): cpu = 00:00:00 ; elapsed = 00:00:00 . Memory (MB): peak = 4436.258 ; gain = 0.000
Wrote Device Cache: Time (s): cpu = 00:00:00 ; elapsed = 00:00:00.014 . Memory (MB): peak = 4436.258 ; gain = 0.000
Write Physdb Complete: Time (s): cpu = 00:00:00 ; elapsed = 00:00:00.059 . Memory (MB): peak = 4436.258 ; gain = 0.000
INFO: [Common 17-1381] The checkpoint 'C:/Users/PC/Desktop/fec_verf/prj/fec_lasercom/fec_lasercom.runs/impl_tx/fec_tx_fpga_top_opt.dcp' has been generated.
Command: place_design
Attempting to get a license for feature 'Implementation' and/or device 'xczu15eg'
INFO: [Common 17-349] Got license for feature 'Implementation' and/or device 'xczu15eg'
INFO: [Common 17-83] Releasing license: Implementation
INFO: [DRC 23-27] Running DRC with 32 threads
INFO: [Vivado_Tcl 4-198] DRC finished with 0 Errors
INFO: [Vivado_Tcl 4-199] Please refer to the DRC report (report_drc) for more information.
Running DRC as a precondition to command place_design
INFO: [DRC 23-27] Running DRC with 32 threads
INFO: [Vivado_Tcl 4-198] DRC finished with 0 Errors
INFO: [Vivado_Tcl 4-199] Please refer to the DRC report (report_drc) for more information.
INFO: [Place 30-611] Multithreading enabled for place_design using a maximum of 32 CPUs

Starting Placer Task

Phase 1 Placer Initialization

Phase 1.1 Placer Initialization Netlist Sorting
Netlist sorting complete. Time (s): cpu = 00:00:00 ; elapsed = 00:00:00.004 . Memory (MB): peak = 4436.258 ; gain = 0.000
Phase 1.1 Placer Initialization Netlist Sorting | Checksum: 213979b57

Time (s): cpu = 00:00:00 ; elapsed = 00:00:00.006 . Memory (MB): peak = 4436.258 ; gain = 0.000
Netlist sorting complete. Time (s): cpu = 00:00:00 ; elapsed = 00:00:00.004 . Memory (MB): peak = 4436.258 ; gain = 0.000

Phase 1.2 IO Placement/ Clock Placement/ Build Placer Device
Phase 1.2 IO Placement/ Clock Placement/ Build Placer Device | Checksum: 202997ee0

Time (s): cpu = 00:00:02 ; elapsed = 00:00:00.699 . Memory (MB): peak = 4436.258 ; gain = 0.000

Phase 1.3 Build Placer Netlist Model
Phase 1.3 Build Placer Netlist Model | Checksum: 2e96f03fe

Time (s): cpu = 00:00:12 ; elapsed = 00:00:06 . Memory (MB): peak = 4436.258 ; gain = 0.000

Phase 1.4 Constrain Clocks/Macros
Phase 1.4 Constrain Clocks/Macros | Checksum: 2e96f03fe

Time (s): cpu = 00:00:12 ; elapsed = 00:00:06 . Memory (MB): peak = 4436.258 ; gain = 0.000
Phase 1 Placer Initialization | Checksum: 2e96f03fe

Time (s): cpu = 00:00:12 ; elapsed = 00:00:06 . Memory (MB): peak = 4436.258 ; gain = 0.000

Phase 2 Global Placement

Phase 2.1 Floorplanning

Phase 2.1.1 Partition Driven Placement

Phase 2.1.1.1 PBP: Partition Driven Placement
Phase 2.1.1.1 PBP: Partition Driven Placement | Checksum: 2e6d5c02b

Time (s): cpu = 00:00:18 ; elapsed = 00:00:08 . Memory (MB): peak = 4436.258 ; gain = 0.000

Phase 2.1.1.2 PBP: Clock Region Placement
INFO: [Place 30-3162] Check ILP status : ILP-based clock placer completed successfully.
Phase 2.1.1.2 PBP: Clock Region Placement | Checksum: 266e79eac

Time (s): cpu = 00:00:19 ; elapsed = 00:00:09 . Memory (MB): peak = 4436.258 ; gain = 0.000

Phase 2.1.1.3 PBP: Discrete Incremental
Phase 2.1.1.3 PBP: Discrete Incremental | Checksum: 268ff1396

Time (s): cpu = 00:00:19 ; elapsed = 00:00:09 . Memory (MB): peak = 4436.258 ; gain = 0.000

Phase 2.1.1.4 PBP: Compute Congestion
Phase 2.1.1.4 PBP: Compute Congestion | Checksum: 268ff1396

Time (s): cpu = 00:00:32 ; elapsed = 00:00:13 . Memory (MB): peak = 4436.258 ; gain = 0.000

Phase 2.1.1.5 PBP: Macro Placement
Phase 2.1.1.5 PBP: Macro Placement | Checksum: 2479a9642

Time (s): cpu = 00:00:34 ; elapsed = 00:00:14 . Memory (MB): peak = 4436.258 ; gain = 0.000

Phase 2.1.1.6 PBP: UpdateTiming
Phase 2.1.1.6 PBP: UpdateTiming | Checksum: 2e812142c

Time (s): cpu = 00:00:37 ; elapsed = 00:00:15 . Memory (MB): peak = 4436.258 ; gain = 0.000

Phase 2.1.1.7 PBP: Add part constraints
Phase 2.1.1.7 PBP: Add part constraints | Checksum: 2e812142c

Time (s): cpu = 00:00:37 ; elapsed = 00:00:15 . Memory (MB): peak = 4436.258 ; gain = 0.000
Phase 2.1.1 Partition Driven Placement | Checksum: 2e812142c

Time (s): cpu = 00:00:37 ; elapsed = 00:00:15 . Memory (MB): peak = 4436.258 ; gain = 0.000
Phase 2.1 Floorplanning | Checksum: 26b271301

Time (s): cpu = 00:00:38 ; elapsed = 00:00:15 . Memory (MB): peak = 4436.258 ; gain = 0.000

Phase 2.2 Update Timing before SLR Path Opt
Phase 2.2 Update Timing before SLR Path Opt | Checksum: 26b271301

Time (s): cpu = 00:00:38 ; elapsed = 00:00:15 . Memory (MB): peak = 4436.258 ; gain = 0.000

Phase 2.3 Post-Processing in Floorplanning
Phase 2.3 Post-Processing in Floorplanning | Checksum: 26b271301

Time (s): cpu = 00:00:38 ; elapsed = 00:00:15 . Memory (MB): peak = 4436.258 ; gain = 0.000

Phase 2.4 Global Place Phase1
Phase 2.4 Global Place Phase1 | Checksum: 2299d0c2d

Time (s): cpu = 00:02:58 ; elapsed = 00:00:54 . Memory (MB): peak = 4720.129 ; gain = 283.871

Phase 2.5 Global Place Phase2

Phase 2.5.1 UpdateTiming Before Physical Synthesis
Phase 2.5.1 UpdateTiming Before Physical Synthesis | Checksum: 2872e0c0e

Time (s): cpu = 00:03:01 ; elapsed = 00:00:55 . Memory (MB): peak = 4720.129 ; gain = 283.871

Phase 2.5.2 Physical Synthesis In Placer
INFO: [Physopt 32-1035] Found 0 LUTNM shape to break, 206 LUT instances to create LUTNM shape
INFO: [Physopt 32-1044] Break lutnm for timing: one critical 0, two critical 0, total 0, new lutff created 0
INFO: [Physopt 32-1138] End 1 Pass. Optimized 85 nets or LUTs. Breaked 0 LUT, combined 85 existing LUTs and moved 0 existing LUT
INFO: [Physopt 32-1030] Pass 1. Identified 22 candidate driver sets for equivalent driver rewiring.
INFO: [Physopt 32-661] Optimized 20 nets.  Re-placed 111 instances.
INFO: [Physopt 32-775] End 1 Pass. Optimized 20 nets or cells. Created 0 new cell, deleted 0 existing cell and moved 111 existing cells
Netlist sorting complete. Time (s): cpu = 00:00:00 ; elapsed = 00:00:00.010 . Memory (MB): peak = 4720.129 ; gain = 0.000
INFO: [Physopt 32-65] No nets found for high-fanout optimization.
INFO: [Physopt 32-232] Optimized 0 net. Created 0 new instance.
INFO: [Physopt 32-775] End 1 Pass. Optimized 0 net or cell. Created 0 new cell, deleted 0 existing cell and moved 0 existing cell
INFO: [Physopt 32-670] No setup violation found.  DSP Register Optimization was not performed.
INFO: [Physopt 32-670] No setup violation found.  Shift Register to Pipeline Optimization was not performed.
INFO: [Physopt 32-670] No setup violation found.  Shift Register Optimization was not performed.
INFO: [Physopt 32-670] No setup violation found.  BRAM Register Optimization was not performed.
INFO: [Physopt 32-670] No setup violation found.  URAM Register Optimization was not performed.
INFO: [Physopt 32-949] No candidate nets found for dynamic/static region interface net replication
INFO: [Physopt 32-775] End 1 Pass. Optimized 0 net or cell. Created 0 new cell, deleted 0 existing cell and moved 0 existing cell
Netlist sorting complete. Time (s): cpu = 00:00:00 ; elapsed = 00:00:00.003 . Memory (MB): peak = 4720.129 ; gain = 0.000

Summary of Physical Synthesis Optimizations
============================================


-----------------------------------------------------------------------------------------------------------------------------------------------------------
|  Optimization                                     |  Added Cells  |  Removed Cells  |  Optimized Cells/Nets  |  Dont Touch  |  Iterations  |  Elapsed   |
-----------------------------------------------------------------------------------------------------------------------------------------------------------
|  LUT Combining                                    |            0  |             85  |                    85  |           0  |           1  |  00:00:00  |
|  Retime                                           |            0  |              0  |                     0  |           0  |           1  |  00:00:00  |
|  Equivalent Driver Rewiring                       |            0  |              0  |                    20  |           0  |           1  |  00:00:01  |
|  Very High Fanout                                 |            0  |              0  |                     0  |           0  |           1  |  00:00:00  |
|  DSP Register                                     |            0  |              0  |                     0  |           0  |           0  |  00:00:00  |
|  Shift Register to Pipeline                       |            0  |              0  |                     0  |           0  |           0  |  00:00:00  |
|  Shift Register                                   |            0  |              0  |                     0  |           0  |           0  |  00:00:00  |
|  BRAM Register                                    |            0  |              0  |                     0  |           0  |           0  |  00:00:00  |
|  URAM Register                                    |            0  |              0  |                     0  |           0  |           0  |  00:00:00  |
|  Dynamic/Static Region Interface Net Replication  |            0  |              0  |                     0  |           0  |           1  |  00:00:00  |
|  Total                                            |            0  |             85  |                   105  |           0  |           5  |  00:00:01  |
-----------------------------------------------------------------------------------------------------------------------------------------------------------


Phase 2.5.2 Physical Synthesis In Placer | Checksum: 3700db7e7

Time (s): cpu = 00:03:06 ; elapsed = 00:00:58 . Memory (MB): peak = 4720.129 ; gain = 283.871
Phase 2.5 Global Place Phase2 | Checksum: 23bca1923

Time (s): cpu = 00:03:23 ; elapsed = 00:01:03 . Memory (MB): peak = 4720.129 ; gain = 283.871
Phase 2 Global Placement | Checksum: 23bca1923

Time (s): cpu = 00:03:24 ; elapsed = 00:01:03 . Memory (MB): peak = 4720.129 ; gain = 283.871

Phase 3 Detail Placement

Phase 3.1 Commit Multi Column Macros
Phase 3.1 Commit Multi Column Macros | Checksum: 2e0bc994a

Time (s): cpu = 00:03:39 ; elapsed = 00:01:07 . Memory (MB): peak = 4720.129 ; gain = 283.871

Phase 3.2 Commit Most Macros & LUTRAMs
Phase 3.2 Commit Most Macros & LUTRAMs | Checksum: 2bc6517bf

Time (s): cpu = 00:03:41 ; elapsed = 00:01:08 . Memory (MB): peak = 4720.129 ; gain = 283.871

Phase 3.3 Small Shape DP

Phase 3.3.1 Small Shape Clustering
Phase 3.3.1 Small Shape Clustering | Checksum: 291c2b4f5

Time (s): cpu = 00:04:11 ; elapsed = 00:01:16 . Memory (MB): peak = 4720.129 ; gain = 283.871

Phase 3.3.2 Slice Area Swap

Phase 3.3.2.1 Slice Area Swap Initial
Phase 3.3.2.1 Slice Area Swap Initial | Checksum: 2f12f1174

Time (s): cpu = 00:04:26 ; elapsed = 00:01:20 . Memory (MB): peak = 4720.129 ; gain = 283.871
Phase 3.3.2 Slice Area Swap | Checksum: 2f12f1174

Time (s): cpu = 00:04:26 ; elapsed = 00:01:20 . Memory (MB): peak = 4720.129 ; gain = 283.871
Phase 3.3 Small Shape DP | Checksum: 257a1c6d7

Time (s): cpu = 00:04:58 ; elapsed = 00:01:29 . Memory (MB): peak = 4720.129 ; gain = 283.871

Phase 3.4 Re-assign LUT pins
Phase 3.4 Re-assign LUT pins | Checksum: 261d7bc5d

Time (s): cpu = 00:04:58 ; elapsed = 00:01:29 . Memory (MB): peak = 4720.129 ; gain = 283.871

Phase 3.5 Pipeline Register Optimization
Phase 3.5 Pipeline Register Optimization | Checksum: 3518d8947

Time (s): cpu = 00:04:59 ; elapsed = 00:01:29 . Memory (MB): peak = 4720.129 ; gain = 283.871
Phase 3 Detail Placement | Checksum: 3518d8947

Time (s): cpu = 00:04:59 ; elapsed = 00:01:29 . Memory (MB): peak = 4720.129 ; gain = 283.871

Phase 4 Post Placement Optimization and Clean-Up

Phase 4.1 Post Commit Optimization
INFO: [Timing 38-35] Done setting XDC timing constraints.

Phase 4.1.1 Post Placement Optimization
Post Placement Optimization Initialization | Checksum: 284e648c3

Phase 4.1.1.1 BUFG Insertion

Starting Physical Synthesis Task

Phase 1 Physical Synthesis Initialization
INFO: [Physopt 32-721] Multithreading enabled for phys_opt_design using a maximum of 32 CPUs
INFO: [Physopt 32-619] Estimated Timing Summary | WNS=1.457 | TNS=0.000 |
Phase 1 Physical Synthesis Initialization | Checksum: 15bc128e8

Time (s): cpu = 00:00:04 ; elapsed = 00:00:00.233 . Memory (MB): peak = 4720.129 ; gain = 0.000
INFO: [Place 46-35] Processed net u_fec_tx/u_interleaver/u_out_fifo/tx_rstn_cdc2_reg, inserted BUFG to drive 4949 loads.
INFO: [Place 46-56] BUFG insertion identified 1 candidate nets. Inserted BUFG: 1, Replicated BUFG Driver: 0, Skipped due to Placement/Routing Conflicts: 0, Skipped due to Timing Degradation: 0, Skipped due to netlist editing failed: 0.
Ending Physical Synthesis Task | Checksum: 1b629f86b

Time (s): cpu = 00:00:05 ; elapsed = 00:00:00.623 . Memory (MB): peak = 4720.129 ; gain = 0.000
Phase 4.1.1.1 BUFG Insertion | Checksum: 23ecffecc

Time (s): cpu = 00:05:37 ; elapsed = 00:01:37 . Memory (MB): peak = 4720.129 ; gain = 283.871

Phase 4.1.1.2 Post Placement Timing Optimization
INFO: [Place 30-746] Post Placement Timing Summary WNS=1.457. For the most accurate timing information please run report_timing.
Phase 4.1.1.2 Post Placement Timing Optimization | Checksum: 2659b63aa

Time (s): cpu = 00:05:38 ; elapsed = 00:01:37 . Memory (MB): peak = 4720.129 ; gain = 283.871

Time (s): cpu = 00:05:38 ; elapsed = 00:01:37 . Memory (MB): peak = 4720.129 ; gain = 283.871
Phase 4.1 Post Commit Optimization | Checksum: 2659b63aa

Time (s): cpu = 00:05:38 ; elapsed = 00:01:37 . Memory (MB): peak = 4720.129 ; gain = 283.871
Netlist sorting complete. Time (s): cpu = 00:00:00 ; elapsed = 00:00:00.030 . Memory (MB): peak = 4750.277 ; gain = 0.000

Phase 4.2 Post Placement Cleanup
Phase 4.2 Post Placement Cleanup | Checksum: 1805f3078

Time (s): cpu = 00:05:57 ; elapsed = 00:01:45 . Memory (MB): peak = 4750.277 ; gain = 314.020

Phase 4.3 Placer Reporting

Phase 4.3.1 Print Estimated Congestion
INFO: [Place 30-612] Post-Placement Estimated Congestion 
 ________________________________________________________________________
|           | Global Congestion | Long Congestion   | Short Congestion  |
| Direction | Region Size       | Region Size       | Region Size       |
|___________|___________________|___________________|___________________|
|      North|                1x1|                1x1|                1x1|
|___________|___________________|___________________|___________________|
|      South|                1x1|                1x1|                1x1|
|___________|___________________|___________________|___________________|
|       East|                1x1|                1x1|                1x1|
|___________|___________________|___________________|___________________|
|       West|                1x1|                1x1|                1x1|
|___________|___________________|___________________|___________________|

Phase 4.3.1 Print Estimated Congestion | Checksum: 1805f3078

Time (s): cpu = 00:05:57 ; elapsed = 00:01:45 . Memory (MB): peak = 4750.277 ; gain = 314.020
Phase 4.3 Placer Reporting | Checksum: 1805f3078

Time (s): cpu = 00:05:57 ; elapsed = 00:01:45 . Memory (MB): peak = 4750.277 ; gain = 314.020

Phase 4.4 Final Placement Cleanup
Netlist sorting complete. Time (s): cpu = 00:00:00 ; elapsed = 00:00:00.017 . Memory (MB): peak = 4750.277 ; gain = 0.000

Time (s): cpu = 00:05:57 ; elapsed = 00:01:45 . Memory (MB): peak = 4750.277 ; gain = 314.020
Phase 4 Post Placement Optimization and Clean-Up | Checksum: 1f5b6840b

Time (s): cpu = 00:05:57 ; elapsed = 00:01:45 . Memory (MB): peak = 4750.277 ; gain = 314.020
Ending Placer Task | Checksum: 12563d0b0

Time (s): cpu = 00:05:58 ; elapsed = 00:01:45 . Memory (MB): peak = 4750.277 ; gain = 314.020
91 Infos, 1 Warnings, 0 Critical Warnings and 0 Errors encountered.
place_design completed successfully
place_design: Time (s): cpu = 00:06:04 ; elapsed = 00:01:46 . Memory (MB): peak = 4750.277 ; gain = 314.020
INFO: [Vivado 12-24838] Running report commands "report_control_sets, report_io, report_utilization" in parallel.
Running report generation with 3 threads.
INFO: [Vivado 12-24828] Executing command : report_control_sets -verbose -file fec_tx_fpga_top_control_sets_placed.rpt
report_control_sets: Time (s): cpu = 00:00:00 ; elapsed = 00:00:00.033 . Memory (MB): peak = 4750.277 ; gain = 0.000
INFO: [Vivado 12-24828] Executing command : report_utilization -file fec_tx_fpga_top_utilization_placed.rpt -pb fec_tx_fpga_top_utilization_placed.pb
INFO: [Vivado 12-24828] Executing command : report_io -file fec_tx_fpga_top_io_placed.rpt
report_io: Time (s): cpu = 00:00:00 ; elapsed = 00:00:00.120 . Memory (MB): peak = 4750.277 ; gain = 0.000
INFO: [Timing 38-480] Writing timing data to binary archive.
Write ShapeDB Complete: Time (s): cpu = 00:00:00 ; elapsed = 00:00:00.010 . Memory (MB): peak = 4750.277 ; gain = 0.000
Wrote PlaceDB: Time (s): cpu = 00:00:02 ; elapsed = 00:00:00.731 . Memory (MB): peak = 4750.277 ; gain = 0.000
Wrote PulsedLatchDB: Time (s): cpu = 00:00:00 ; elapsed = 00:00:00 . Memory (MB): peak = 4750.277 ; gain = 0.000
Writing XDEF routing.
Writing XDEF routing logical nets.
Writing XDEF routing special nets.
Wrote RouteStorage: Time (s): cpu = 00:00:00 ; elapsed = 00:00:00.042 . Memory (MB): peak = 4750.277 ; gain = 0.000
Wrote Netlist Cache: Time (s): cpu = 00:00:00 ; elapsed = 00:00:00.012 . Memory (MB): peak = 4750.277 ; gain = 0.000
Wrote Device Cache: Time (s): cpu = 00:00:00 ; elapsed = 00:00:00.015 . Memory (MB): peak = 4750.277 ; gain = 0.000
Write Physdb Complete: Time (s): cpu = 00:00:02 ; elapsed = 00:00:00.812 . Memory (MB): peak = 4750.277 ; gain = 0.000
INFO: [Common 17-1381] The checkpoint 'C:/Users/PC/Desktop/fec_verf/prj/fec_lasercom/fec_lasercom.runs/impl_tx/fec_tx_fpga_top_placed.dcp' has been generated.
Command: phys_opt_design
Attempting to get a license for feature 'Implementation' and/or device 'xczu15eg'
INFO: [Common 17-349] Got license for feature 'Implementation' and/or device 'xczu15eg'

Starting Initial Update Timing Task

Time (s): cpu = 00:00:11 ; elapsed = 00:00:02 . Memory (MB): peak = 4750.277 ; gain = 0.000
INFO: [Vivado_Tcl 4-2279] Estimated Timing Summary | WNS= 1.457 | TNS= 0.000 | 
INFO: [Vivado_Tcl 4-383] Design worst setup slack (WNS) is greater than or equal to 0.000 ns. All physical synthesis setup optimizations will be skipped.
INFO: [Vivado_Tcl 4-232] No setup violation found. The netlist was not modified.
INFO: [Common 17-83] Releasing license: Implementation
102 Infos, 1 Warnings, 0 Critical Warnings and 0 Errors encountered.
phys_opt_design completed successfully
INFO: [Timing 38-480] Writing timing data to binary archive.
Write ShapeDB Complete: Time (s): cpu = 00:00:00 ; elapsed = 00:00:00.011 . Memory (MB): peak = 4750.277 ; gain = 0.000
Wrote PlaceDB: Time (s): cpu = 00:00:02 ; elapsed = 00:00:00.761 . Memory (MB): peak = 4750.277 ; gain = 0.000
Wrote PulsedLatchDB: Time (s): cpu = 00:00:00 ; elapsed = 00:00:00 . Memory (MB): peak = 4750.277 ; gain = 0.000
Writing XDEF routing.
Writing XDEF routing logical nets.
Writing XDEF routing special nets.
Wrote RouteStorage: Time (s): cpu = 00:00:00 ; elapsed = 00:00:00.040 . Memory (MB): peak = 4750.277 ; gain = 0.000
Wrote Netlist Cache: Time (s): cpu = 00:00:00 ; elapsed = 00:00:00.013 . Memory (MB): peak = 4750.277 ; gain = 0.000
Wrote Device Cache: Time (s): cpu = 00:00:00 ; elapsed = 00:00:00.014 . Memory (MB): peak = 4750.277 ; gain = 0.000
Write Physdb Complete: Time (s): cpu = 00:00:02 ; elapsed = 00:00:00.836 . Memory (MB): peak = 4750.277 ; gain = 0.000
INFO: [Common 17-1381] The checkpoint 'C:/Users/PC/Desktop/fec_verf/prj/fec_lasercom/fec_lasercom.runs/impl_tx/fec_tx_fpga_top_physopt.dcp' has been generated.
Command: route_design
Attempting to get a license for feature 'Implementation' and/or device 'xczu15eg'
INFO: [Common 17-349] Got license for feature 'Implementation' and/or device 'xczu15eg'
INFO: [DRC 23-27] Running DRC with 32 threads
INFO: [Vivado_Tcl 4-198] DRC finished with 0 Errors
INFO: [Vivado_Tcl 4-199] Please refer to the DRC report (report_drc) for more information.


Starting Routing Task
INFO: [Route 35-254] Multithreading enabled for route_design using a maximum of 32 CPUs

Phase 1 Build RT Design
Checksum: PlaceDB: 644d3349 ConstDB: 0 ShapeSum: bcdebf3a RouteDB: 437de2d
Nodegraph reading from file.  Time (s): cpu = 00:00:01 ; elapsed = 00:00:00.673 . Memory (MB): peak = 4750.277 ; gain = 0.000
Post Restoration Checksum: NetGraph: 5ef6dbc4 | NumContArr: aa66f5c8 | Constraints: 550ca85c | Timing: c2a8fa9d
Phase 1 Build RT Design | Checksum: 221137485

Time (s): cpu = 00:00:14 ; elapsed = 00:00:06 . Memory (MB): peak = 4750.277 ; gain = 0.000

Phase 2 Router Initialization

Phase 2.1 Fix Topology Constraints
Phase 2.1 Fix Topology Constraints | Checksum: 221137485

Time (s): cpu = 00:00:14 ; elapsed = 00:00:06 . Memory (MB): peak = 4750.277 ; gain = 0.000

Phase 2.2 Pre Route Cleanup
Phase 2.2 Pre Route Cleanup | Checksum: 221137485

Time (s): cpu = 00:00:14 ; elapsed = 00:00:06 . Memory (MB): peak = 4750.277 ; gain = 0.000

Phase 2.3 Global Clock Net Routing
 Number of Nodes with overlaps = 0
Phase 2.3 Global Clock Net Routing | Checksum: 2388bd60c

Time (s): cpu = 00:00:19 ; elapsed = 00:00:10 . Memory (MB): peak = 6128.910 ; gain = 1378.633

Phase 2.4 Update Timing
Phase 2.4 Update Timing | Checksum: 1cfa34ebd

Time (s): cpu = 00:00:24 ; elapsed = 00:00:12 . Memory (MB): peak = 6128.910 ; gain = 1378.633
INFO: [Route 35-416] Intermediate Timing Summary | WNS=1.637  | TNS=0.000  | WHS=-0.932 | THS=-1.388 |


Phase 2.5 Update Timing for Bus Skew

Phase 2.5.1 Update Timing
Phase 2.5.1 Update Timing | Checksum: 1410d32df

Time (s): cpu = 00:00:38 ; elapsed = 00:00:15 . Memory (MB): peak = 6128.910 ; gain = 1378.633
INFO: [Route 35-416] Intermediate Timing Summary | WNS=1.637  | TNS=0.000  | WHS=-1.468 | THS=-1.975 |

Phase 2.5 Update Timing for Bus Skew | Checksum: 1410d32df

Time (s): cpu = 00:00:38 ; elapsed = 00:00:15 . Memory (MB): peak = 6128.910 ; gain = 1378.633

Router Utilization Summary
  Global Vertical Routing Utilization    = 3.26996e-05 %
  Global Horizontal Routing Utilization  = 5.0314e-05 %
  Routable Net Status*
  *Does not include unroutable nets such as driverless and loadless.
  Run report_route_status for detailed report.
  Number of Failed Nets               = 21788
    (Failed Nets is the sum of unrouted and partially routed nets)
  Number of Unrouted Nets             = 20399
  Number of Partially Routed Nets     = 1389
  Number of Node Overlaps             = 0

Phase 2 Router Initialization | Checksum: 1775707d4

Time (s): cpu = 00:00:42 ; elapsed = 00:00:18 . Memory (MB): peak = 6270.297 ; gain = 1520.020

Phase 3 Global Routing
Phase 3 Global Routing | Checksum: 1775707d4

Time (s): cpu = 00:00:42 ; elapsed = 00:00:18 . Memory (MB): peak = 6270.297 ; gain = 1520.020

Phase 4 Initial Routing

Phase 4.1 Initial Net Routing Pass
Phase 4.1 Initial Net Routing Pass | Checksum: 1c13fec5c

Time (s): cpu = 00:00:58 ; elapsed = 00:00:24 . Memory (MB): peak = 6270.297 ; gain = 1520.020
Phase 4 Initial Routing | Checksum: 1af94b9df

Time (s): cpu = 00:00:59 ; elapsed = 00:00:24 . Memory (MB): peak = 6270.297 ; gain = 1520.020
INFO: [Route 35-580] Design has 1 pins with tight setup and hold constraints.

The top 5 pins with tight setup and hold constraints:

+======================+======================+===================+
| Launch Setup Clock   | Launch Hold Clock    | Pin               |
+======================+======================+===================+
| clk_out1_clk_wiz_sys | clk_out1_clk_wiz_sys | tx_act_cdc1_reg/D |
+----------------------+----------------------+-------------------+

File with complete list of pins: tight_setup_hold_pins.txt


Phase 5 Rip-up And Reroute

Phase 5.1 Global Iteration 0
 Number of Nodes with overlaps = 2614
 Number of Nodes with overlaps = 137
 Number of Nodes with overlaps = 10
 Number of Nodes with overlaps = 3
 Number of Nodes with overlaps = 2
 Number of Nodes with overlaps = 0
INFO: [Route 35-416] Intermediate Timing Summary | WNS=0.122  | TNS=0.000  | WHS=-0.061 | THS=-0.061 |

Phase 5.1 Global Iteration 0 | Checksum: 292089139

Time (s): cpu = 00:01:31 ; elapsed = 00:00:38 . Memory (MB): peak = 6270.297 ; gain = 1520.020

Phase 5.2 Global Iteration 1
 Number of Nodes with overlaps = 0
INFO: [Route 35-416] Intermediate Timing Summary | WNS=-0.250 | TNS=-0.250 | WHS=N/A    | THS=N/A    |

Phase 5.2 Global Iteration 1 | Checksum: 236241d62

Time (s): cpu = 00:01:41 ; elapsed = 00:00:40 . Memory (MB): peak = 6270.297 ; gain = 1520.020

Phase 5.3 Global Iteration 2
 Number of Nodes with overlaps = 6
 Number of Nodes with overlaps = 0
INFO: [Route 35-416] Intermediate Timing Summary | WNS=-0.031 | TNS=-0.031 | WHS=N/A    | THS=N/A    |

Phase 5.3 Global Iteration 2 | Checksum: 2736bf552

Time (s): cpu = 00:01:43 ; elapsed = 00:00:41 . Memory (MB): peak = 6270.297 ; gain = 1520.020
Phase 5 Rip-up And Reroute | Checksum: 2736bf552

Time (s): cpu = 00:01:43 ; elapsed = 00:00:41 . Memory (MB): peak = 6270.297 ; gain = 1520.020

Phase 6 Delay and Skew Optimization

Phase 6.1 Delay CleanUp
INFO: [Route 35-416] Intermediate Timing Summary | WNS=-0.029 | TNS=-0.029 | WHS=0.014  | THS=0.000  |

INFO: [Route 35-416] Intermediate Timing Summary | WNS=-0.029 | TNS=-0.029 | WHS=0.014  | THS=0.000  |

 Number of Nodes with overlaps = 0
Phase 6.1 Delay CleanUp | Checksum: 2218e026e

Time (s): cpu = 00:01:50 ; elapsed = 00:00:44 . Memory (MB): peak = 6270.297 ; gain = 1520.020

Phase 6.2 Clock Skew Optimization
Phase 6.2 Clock Skew Optimization | Checksum: 2218e026e

Time (s): cpu = 00:01:50 ; elapsed = 00:00:44 . Memory (MB): peak = 6270.297 ; gain = 1520.020
Phase 6 Delay and Skew Optimization | Checksum: 2218e026e

Time (s): cpu = 00:01:50 ; elapsed = 00:00:44 . Memory (MB): peak = 6270.297 ; gain = 1520.020

Phase 7 Post Hold Fix

Phase 7.1 Hold Fix Iter
INFO: [Route 35-416] Intermediate Timing Summary | WNS=-0.029 | TNS=-0.029 | WHS=0.014  | THS=0.000  |

Phase 7.1 Hold Fix Iter | Checksum: 1d641deb3

Time (s): cpu = 00:01:53 ; elapsed = 00:00:45 . Memory (MB): peak = 6270.297 ; gain = 1520.020
Phase 7 Post Hold Fix | Checksum: 1d641deb3

Time (s): cpu = 00:01:53 ; elapsed = 00:00:45 . Memory (MB): peak = 6270.297 ; gain = 1520.020

Phase 8 Route finalize

Router Utilization Summary
  Global Vertical Routing Utilization    = 1.6707 %
  Global Horizontal Routing Utilization  = 1.25463 %
  Routable Net Status*
  *Does not include unroutable nets such as driverless and loadless.
  Run report_route_status for detailed report.
  Number of Failed Nets               = 0
    (Failed Nets is the sum of unrouted and partially routed nets)
  Number of Unrouted Nets             = 0
  Number of Partially Routed Nets     = 0
  Number of Node Overlaps             = 0


--GLOBAL Congestion:
Utilization threshold used for congestion level computation: 0.85
Congestion Report
North Dir 1x1 Area, Max Cong = 48.3568%, No Congested Regions.
South Dir 1x1 Area, Max Cong = 54.0284%, No Congested Regions.
East Dir 1x1 Area, Max Cong = 46.1538%, No Congested Regions.
West Dir 1x1 Area, Max Cong = 50%, No Congested Regions.

------------------------------
Reporting congestion hotspots
------------------------------
Direction: North
----------------
Congested clusters found at Level 0
Effective congestion level: 0 Aspect Ratio: 1 Sparse Ratio: 0
Direction: South
----------------
Congested clusters found at Level 0
Effective congestion level: 0 Aspect Ratio: 1 Sparse Ratio: 0
Direction: East
----------------
Congested clusters found at Level 0
Effective congestion level: 0 Aspect Ratio: 1 Sparse Ratio: 0
Direction: West
----------------
Congested clusters found at Level 0
Effective congestion level: 0 Aspect Ratio: 1 Sparse Ratio: 0

Phase 8 Route finalize | Checksum: 1d641deb3

Time (s): cpu = 00:01:54 ; elapsed = 00:00:45 . Memory (MB): peak = 6270.297 ; gain = 1520.020

Phase 9 Verifying routed nets

 Verification completed successfully
Phase 9 Verifying routed nets | Checksum: 1d641deb3

Time (s): cpu = 00:01:54 ; elapsed = 00:00:45 . Memory (MB): peak = 6270.297 ; gain = 1520.020

Phase 10 Depositing Routes
Phase 10 Depositing Routes | Checksum: 1d641deb3

Time (s): cpu = 00:01:56 ; elapsed = 00:00:45 . Memory (MB): peak = 6270.297 ; gain = 1520.020

Phase 11 Resolve XTalk
Phase 11 Resolve XTalk | Checksum: 1d641deb3

Time (s): cpu = 00:01:56 ; elapsed = 00:00:45 . Memory (MB): peak = 6270.297 ; gain = 1520.020

Phase 12 Post Process Routing
Phase 12 Post Process Routing | Checksum: 1d641deb3

Time (s): cpu = 00:01:57 ; elapsed = 00:00:45 . Memory (MB): peak = 6270.297 ; gain = 1520.020

Phase 13 Post Router Timing
INFO: [Route 35-57] Estimated Timing Summary | WNS=-0.029 | TNS=-0.029 | WHS=0.014  | THS=0.000  |

WARNING: [Route 35-328] Router estimated timing not met.
Resolution: For a complete and accurate timing signoff, report_timing_summary must be run after route_design. Alternatively, route_design can be run with the -timing_summary option to enable a complete timing signoff at the end of route_design.
Phase 13 Post Router Timing | Checksum: 1d641deb3

Time (s): cpu = 00:01:57 ; elapsed = 00:00:45 . Memory (MB): peak = 6270.297 ; gain = 1520.020
Time taken to check if laguna hold fix is required (in secs): 0

Phase 14 Physical Synthesis in Router

Phase 14.1 Physical Synthesis Initialization
INFO: [Physopt 32-668] Current Timing Summary | WNS=-0.028 | TNS=-0.028 | WHS=0.014 | THS=0.000 |
Phase 14.1 Physical Synthesis Initialization | Checksum: 1d641deb3

Time (s): cpu = 00:02:17 ; elapsed = 00:00:51 . Memory (MB): peak = 6270.297 ; gain = 1520.020

Phase 14.2 Critical Path Optimization
INFO: [Physopt 32-668] Current Timing Summary | WNS=-0.028 | TNS=-0.028 | WHS=0.014 | THS=0.000 |
INFO: [Physopt 32-953] Path group WNS did not improve. Path group: clk_out2_clk_wiz_sys. Processed net: tx_act_cdc1.
INFO: [Physopt 32-953] Path group WNS did not improve. Path group: clk_out2_clk_wiz_sys. Processed net: u_gth_raw/tx_active.
INFO: [Physopt 32-668] Current Timing Summary | WNS=-0.028 | TNS=-0.028 | WHS=0.014 | THS=0.000 |
Netlist sorting complete. Time (s): cpu = 00:00:00 ; elapsed = 00:00:00.005 . Memory (MB): peak = 6270.297 ; gain = 0.000
Phase 14.2 Critical Path Optimization | Checksum: 24fa6ea22

Time (s): cpu = 00:02:22 ; elapsed = 00:00:52 . Memory (MB): peak = 6270.297 ; gain = 1520.020
Netlist sorting complete. Time (s): cpu = 00:00:00 ; elapsed = 00:00:00.004 . Memory (MB): peak = 6270.297 ; gain = 0.000
INFO: [Physopt 32-669] Post Physical Optimization Timing Summary | WNS=-0.028 | TNS=-0.028 | WHS=0.014 | THS=0.000 |
Phase 14 Physical Synthesis in Router | Checksum: 1d3dd87ef

Time (s): cpu = 00:02:22 ; elapsed = 00:00:53 . Memory (MB): peak = 6270.297 ; gain = 1520.020
Total Elapsed time in route_design: 52.625 secs

Phase 15 Post-Route Event Processing
Phase 15 Post-Route Event Processing | Checksum: 25a9d7398

Time (s): cpu = 00:02:23 ; elapsed = 00:00:53 . Memory (MB): peak = 6270.297 ; gain = 1520.020
INFO: [Route 35-16] Router Completed Successfully
Ending Routing Task | Checksum: 25a9d7398

Time (s): cpu = 00:02:23 ; elapsed = 00:00:53 . Memory (MB): peak = 6270.297 ; gain = 1520.020

Routing Is Done.
INFO: [Common 17-83] Releasing license: Implementation
127 Infos, 2 Warnings, 0 Critical Warnings and 0 Errors encountered.
route_design completed successfully
route_design: Time (s): cpu = 00:02:29 ; elapsed = 00:00:54 . Memory (MB): peak = 6270.297 ; gain = 1520.020
INFO: [Vivado 12-24828] Executing command : report_drc -file fec_tx_fpga_top_drc_routed.rpt -pb fec_tx_fpga_top_drc_routed.pb -rpx fec_tx_fpga_top_drc_routed.rpx
Command: report_drc -file fec_tx_fpga_top_drc_routed.rpt -pb fec_tx_fpga_top_drc_routed.pb -rpx fec_tx_fpga_top_drc_routed.rpx
INFO: [IP_Flow 19-1839] IP Catalog is up to date.
INFO: [DRC 23-27] Running DRC with 32 threads
INFO: [Vivado_Tcl 2-168] The results of DRC are in file C:/Users/PC/Desktop/fec_verf/prj/fec_lasercom/fec_lasercom.runs/impl_tx/fec_tx_fpga_top_drc_routed.rpt.
report_drc completed successfully
INFO: [Vivado 12-24828] Executing command : report_methodology -file fec_tx_fpga_top_methodology_drc_routed.rpt -pb fec_tx_fpga_top_methodology_drc_routed.pb -rpx fec_tx_fpga_top_methodology_drc_routed.rpx
Command: report_methodology -file fec_tx_fpga_top_methodology_drc_routed.rpt -pb fec_tx_fpga_top_methodology_drc_routed.pb -rpx fec_tx_fpga_top_methodology_drc_routed.rpx
INFO: [Timing 38-35] Done setting XDC timing constraints.
INFO: [DRC 23-133] Running Methodology with 32 threads
INFO: [Vivado_Tcl 2-1520] The results of Report Methodology are in file C:/Users/PC/Desktop/fec_verf/prj/fec_lasercom/fec_lasercom.runs/impl_tx/fec_tx_fpga_top_methodology_drc_routed.rpt.
report_methodology completed successfully
INFO: [Vivado 12-24828] Executing command : report_timing_summary -max_paths 10 -report_unconstrained -file fec_tx_fpga_top_timing_summary_routed.rpt -pb fec_tx_fpga_top_timing_summary_routed.pb -rpx fec_tx_fpga_top_timing_summary_routed.rpx -warn_on_violation 
INFO: [Timing 38-35] Done setting XDC timing constraints.
INFO: [Timing 38-91] UpdateTimingParams: Speed grade: -2, Temperature grade: I, Delay Type: min_max.
INFO: [Timing 38-191] Multithreading enabled for timing update using a maximum of 32 CPUs
CRITICAL WARNING: [Timing 38-282] The design failed to meet the timing requirements. Please see the timing summary report for details on the timing violations.
WARNING: [Timing 38-436] There are set_bus_skew constraint(s) in this design. Please run report_bus_skew to ensure that bus skew requirements are met.
INFO: [Vivado 12-24838] Running report commands "report_incremental_reuse, report_route_status" in parallel.
Running report generation with 2 threads.
INFO: [Vivado 12-24828] Executing command : report_incremental_reuse -file fec_tx_fpga_top_incremental_reuse_routed.rpt
INFO: [Vivado_Tcl 4-1062] Incremental flow is disabled. No incremental reuse Info to report.
INFO: [Vivado 12-24828] Executing command : report_route_status -file fec_tx_fpga_top_route_status.rpt -pb fec_tx_fpga_top_route_status.pb
INFO: [Vivado 12-24828] Executing command : report_power -file fec_tx_fpga_top_power_routed.rpt -pb fec_tx_fpga_top_power_summary_routed.pb -rpx fec_tx_fpga_top_power_routed.rpx
Command: report_power -file fec_tx_fpga_top_power_routed.rpt -pb fec_tx_fpga_top_power_summary_routed.pb -rpx fec_tx_fpga_top_power_routed.rpx
Running Vector-less Activity Propagation...

Finished Running Vector-less Activity Propagation
WARNING: [Power 33-332] Found switching activity that implies high-fanout reset nets being asserted for excessive periods of time which may result in inaccurate power analysis.
Resolution: To review and fix problems, please run Power Constraints Advisor in the GUI from Tools > Power Constraints Advisor or run report_power with the -advisory option to generate a text report.
144 Infos, 4 Warnings, 1 Critical Warnings and 0 Errors encountered.
report_power completed successfully
report_power: Time (s): cpu = 00:00:20 ; elapsed = 00:00:09 . Memory (MB): peak = 6270.297 ; gain = 0.000
INFO: [Vivado 12-24828] Executing command : report_clock_utilization -file fec_tx_fpga_top_clock_utilization_routed.rpt
INFO: [Vivado 12-24828] Executing command : report_bus_skew -warn_on_violation -file fec_tx_fpga_top_bus_skew_routed.rpt -pb fec_tx_fpga_top_bus_skew_routed.pb -rpx fec_tx_fpga_top_bus_skew_routed.rpx
INFO: [Timing 38-91] UpdateTimingParams: Speed grade: -2, Temperature grade: I, Delay Type: min_max.
INFO: [Timing 38-191] Multithreading enabled for timing update using a maximum of 32 CPUs
generate_parallel_reports: Time (s): cpu = 00:01:03 ; elapsed = 00:00:16 . Memory (MB): peak = 6270.297 ; gain = 0.000
INFO: [Timing 38-480] Writing timing data to binary archive.
Write ShapeDB Complete: Time (s): cpu = 00:00:01 ; elapsed = 00:00:00.011 . Memory (MB): peak = 6270.297 ; gain = 0.000
Wrote PlaceDB: Time (s): cpu = 00:00:02 ; elapsed = 00:00:00.962 . Memory (MB): peak = 6270.297 ; gain = 0.000
Wrote PulsedLatchDB: Time (s): cpu = 00:00:00 ; elapsed = 00:00:00 . Memory (MB): peak = 6270.297 ; gain = 0.000
Writing XDEF routing.
Writing XDEF routing logical nets.
Writing XDEF routing special nets.
Wrote RouteStorage: Time (s): cpu = 00:00:01 ; elapsed = 00:00:00.279 . Memory (MB): peak = 6270.297 ; gain = 0.000
Wrote Netlist Cache: Time (s): cpu = 00:00:00 ; elapsed = 00:00:00.015 . Memory (MB): peak = 6270.297 ; gain = 0.000
Wrote Device Cache: Time (s): cpu = 00:00:00 ; elapsed = 00:00:00.014 . Memory (MB): peak = 6270.297 ; gain = 0.000
Write Physdb Complete: Time (s): cpu = 00:00:03 ; elapsed = 00:00:01 . Memory (MB): peak = 6270.297 ; gain = 0.000
INFO: [Common 17-1381] The checkpoint 'C:/Users/PC/Desktop/fec_verf/prj/fec_lasercom/fec_lasercom.runs/impl_tx/fec_tx_fpga_top_routed.dcp' has been generated.
Command: write_bitstream -force fec_tx_fpga_top.bit
Attempting to get a license for feature 'Implementation' and/or device 'xczu15eg'
INFO: [Common 17-349] Got license for feature 'Implementation' and/or device 'xczu15eg'
Running DRC as a precondition to command write_bitstream
INFO: [IP_Flow 19-1839] IP Catalog is up to date.
INFO: [DRC 23-27] Running DRC with 32 threads
INFO: [Vivado 12-3199] DRC finished with 0 Errors
INFO: [Vivado 12-3200] Please refer to the DRC report (report_drc) for more information.
INFO: [Designutils 20-2272] Running write_bitstream with 8 threads.
Loading data files...
Loading site data...
Loading route data...
Processing options...
Creating bitmap...
Creating bitstream...
Writing bitstream ./fec_tx_fpga_top.bit...
INFO: [Vivado 12-1842] Bitgen Completed Successfully.
INFO: [Common 17-83] Releasing license: Implementation
158 Infos, 4 Warnings, 1 Critical Warnings and 0 Errors encountered.
write_bitstream completed successfully
write_bitstream: Time (s): cpu = 00:00:46 ; elapsed = 00:00:14 . Memory (MB): peak = 6270.297 ; gain = 0.000
INFO: [Common 17-206] Exiting Vivado at Thu Jan 29 22:09:39 2026...
[Thu Jan 29 22:09:42 2026] impl_tx finished
wait_on_runs: Time (s): cpu = 00:00:10 ; elapsed = 00:05:28 . Memory (MB): peak = 2568.699 ; gain = 0.000
wait_on_run $rx_impl_run
[Thu Jan 29 22:09:42 2026] Waiting for impl_rx to finish...
[Thu Jan 29 22:09:47 2026] Waiting for impl_rx to finish...
[Thu Jan 29 22:09:52 2026] Waiting for impl_rx to finish...
[Thu Jan 29 22:09:57 2026] Waiting for impl_rx to finish...
[Thu Jan 29 22:10:07 2026] Waiting for impl_rx to finish...
[Thu Jan 29 22:10:17 2026] Waiting for impl_rx to finish...
[Thu Jan 29 22:10:27 2026] Waiting for impl_rx to finish...
[Thu Jan 29 22:10:37 2026] Waiting for impl_rx to finish...
[Thu Jan 29 22:10:58 2026] Waiting for impl_rx to finish...
[Thu Jan 29 22:11:18 2026] Waiting for impl_rx to finish...
[Thu Jan 29 22:11:38 2026] Waiting for impl_rx to finish...

*** Running vivado
    with args -log fec_rx_fpga_top.vdi -applog -m64 -product Vivado -messageDb vivado.pb -mode batch -source fec_rx_fpga_top.tcl -notrace



****** Vivado v2024.2 (64-bit)
  **** SW Build 5239630 on Fri Nov 08 22:35:27 MST 2024
  **** IP Build 5239520 on Sun Nov 10 16:12:51 MST 2024
  **** SharedData Build 5239561 on Fri Nov 08 14:39:27 MST 2024
  **** Start of session at: Thu Jan 29 22:06:05 2026
    ** Copyright 1986-2022 Xilinx, Inc. All Rights Reserved.
    ** Copyright 2022-2024 Advanced Micro Devices, Inc. All Rights Reserved.

Sourcing tcl script 'D:/2024_2/Vivado/2024.2/scripts/Vivado_init.tcl'
source fec_rx_fpga_top.tcl -notrace
Command: link_design -top fec_rx_fpga_top -part xczu15eg-ffvb1156-2-i
Design is defaulting to srcset: sources_1
Design is defaulting to constrset: constrs_1
INFO: [Device 21-403] Loading part xczu15eg-ffvb1156-2-i
INFO: [Project 1-454] Reading design checkpoint 'c:/Users/PC/Desktop/fec_verf/prj/fec_lasercom/fec_lasercom.gen/clk_wiz_sys/ip/clk_wiz_sys/clk_wiz_sys.dcp' for cell 'u_clk_wiz'
INFO: [Project 1-454] Reading design checkpoint 'c:/Users/PC/Desktop/fec_verf/prj/fec_lasercom/fec_lasercom.gen/async_fifo_32w_32r/ip/async_fifo_32w_32r/async_fifo_32w_32r.dcp' for cell 'u_fec_rx/u_rx_fifo'
INFO: [Project 1-454] Reading design checkpoint 'c:/Users/PC/Desktop/fec_verf/prj/fec_lasercom/fec_lasercom.gen/rs_decoder_0/ip/rs_decoder_0/rs_decoder_0.dcp' for cell 'u_fec_rx/u_rs_decode_backend/Decoder_U0'
INFO: [Project 1-454] Reading design checkpoint 'c:/Users/PC/Desktop/fec_verf/prj/fec_lasercom/fec_lasercom.gen/gtwizard_ultrascale_0/ip/gtwizard_ultrascale_0/gtwizard_ultrascale_0.dcp' for cell 'u_gth_raw/u_gth'
Netlist sorting complete. Time (s): cpu = 00:00:00 ; elapsed = 00:00:00.216 . Memory (MB): peak = 1579.699 ; gain = 0.000
INFO: [Netlist 29-17] Analyzing 4915 Unisim elements for replacement
INFO: [Netlist 29-28] Unisim Transformation completed in 0 CPU seconds
INFO: [Project 1-479] Netlist was created with Vivado 2024.2
INFO: [Project 1-570] Preparing netlist for logic optimization
Parsing XDC File [c:/Users/PC/Desktop/fec_verf/prj/fec_lasercom/fec_lasercom.gen/clk_wiz_sys/ip/clk_wiz_sys/clk_wiz_sys_board.xdc] for cell 'u_clk_wiz/inst'
Finished Parsing XDC File [c:/Users/PC/Desktop/fec_verf/prj/fec_lasercom/fec_lasercom.gen/clk_wiz_sys/ip/clk_wiz_sys/clk_wiz_sys_board.xdc] for cell 'u_clk_wiz/inst'
Parsing XDC File [c:/Users/PC/Desktop/fec_verf/prj/fec_lasercom/fec_lasercom.gen/clk_wiz_sys/ip/clk_wiz_sys/clk_wiz_sys.xdc] for cell 'u_clk_wiz/inst'
INFO: [Timing 38-35] Done setting XDC timing constraints. [c:/Users/PC/Desktop/fec_verf/prj/fec_lasercom/fec_lasercom.gen/clk_wiz_sys/ip/clk_wiz_sys/clk_wiz_sys.xdc:54]
INFO: [Timing 38-2] Deriving generated clocks [c:/Users/PC/Desktop/fec_verf/prj/fec_lasercom/fec_lasercom.gen/clk_wiz_sys/ip/clk_wiz_sys/clk_wiz_sys.xdc:54]
get_clocks: Time (s): cpu = 00:00:13 ; elapsed = 00:00:08 . Memory (MB): peak = 2514.707 ; gain = 926.211
Finished Parsing XDC File [c:/Users/PC/Desktop/fec_verf/prj/fec_lasercom/fec_lasercom.gen/clk_wiz_sys/ip/clk_wiz_sys/clk_wiz_sys.xdc] for cell 'u_clk_wiz/inst'
Parsing XDC File [c:/Users/PC/Desktop/fec_verf/prj/fec_lasercom/fec_lasercom.gen/async_fifo_32w_32r/ip/async_fifo_32w_32r/async_fifo_32w_32r.xdc] for cell 'u_fec_rx/u_rx_fifo/U0'
Finished Parsing XDC File [c:/Users/PC/Desktop/fec_verf/prj/fec_lasercom/fec_lasercom.gen/async_fifo_32w_32r/ip/async_fifo_32w_32r/async_fifo_32w_32r.xdc] for cell 'u_fec_rx/u_rx_fifo/U0'
Parsing XDC File [c:/Users/PC/Desktop/fec_verf/prj/fec_lasercom/fec_lasercom.gen/gtwizard_ultrascale_0/ip/gtwizard_ultrascale_0/synth/gtwizard_ultrascale_0.xdc] for cell 'u_gth_raw/u_gth/inst'
Finished Parsing XDC File [c:/Users/PC/Desktop/fec_verf/prj/fec_lasercom/fec_lasercom.gen/gtwizard_ultrascale_0/ip/gtwizard_ultrascale_0/synth/gtwizard_ultrascale_0.xdc] for cell 'u_gth_raw/u_gth/inst'
Parsing XDC File [C:/Users/PC/Desktop/fec_verf/prj/fec_lasercom/constraints/system_cons.xdc]
Finished Parsing XDC File [C:/Users/PC/Desktop/fec_verf/prj/fec_lasercom/constraints/system_cons.xdc]
Parsing XDC File [c:/Users/PC/Desktop/fec_verf/prj/fec_lasercom/fec_lasercom.gen/async_fifo_32w_32r/ip/async_fifo_32w_32r/async_fifo_32w_32r_clocks.xdc] for cell 'u_fec_rx/u_rx_fifo/U0'
Finished Parsing XDC File [c:/Users/PC/Desktop/fec_verf/prj/fec_lasercom/fec_lasercom.gen/async_fifo_32w_32r/ip/async_fifo_32w_32r/async_fifo_32w_32r_clocks.xdc] for cell 'u_fec_rx/u_rx_fifo/U0'
INFO: [Project 1-1714] 10 XPM XDC files have been applied to the design.
INFO: [Opt 31-138] Pushed 0 inverter(s) to 0 load pin(s).
INFO: [Opt 31-441] Inserted BUFG_GT_SYNC u_gth_raw/u_gth/inst/gen_gtwizard_gthe4_top.gtwizard_ultrascale_0_gtwizard_gthe4_inst/gen_gtwizard_gthe4.gen_channel_container[25].gen_enabled_channel.gthe4_channel_wrapper_inst/channel_inst/BUFG_GT_SYNC for BUFG_GT u_gth_raw/u_bufg_rx
INFO: [Opt 31-441] Inserted BUFG_GT_SYNC u_gth_raw/u_gth/inst/gen_gtwizard_gthe4_top.gtwizard_ultrascale_0_gtwizard_gthe4_inst/gen_gtwizard_gthe4.gen_channel_container[25].gen_enabled_channel.gthe4_channel_wrapper_inst/channel_inst/BUFG_GT_SYNC_1 for BUFG_GT u_gth_raw/u_bufg_tx
INFO: [Project 1-1687] 19 scoped IP constraints or related sub-commands were skipped due to synthesis logic optimizations usually triggered by constant connectivity or unconnected output pins. To review the skipped constraints and messages, run the command 'set_param netlist.IPMsgFiltering false' before opening the design.
Netlist sorting complete. Time (s): cpu = 00:00:00 ; elapsed = 00:00:00.068 . Memory (MB): peak = 2514.707 ; gain = 0.000
INFO: [Project 1-111] Unisim Transformation Summary:
  A total of 55 instances were transformed.
  DSP48E2 => DSP48E2 (DSP_ALU, DSP_A_B_DATA, DSP_C_DATA, DSP_MULTIPLIER, DSP_M_DATA, DSP_OUTPUT, DSP_PREADD, DSP_PREADD_DATA): 1 instance 
  IBUF => IBUF (IBUFCTRL, INBUF): 3 instances
  IBUFDS => IBUFDS (DIFFINBUF, IBUFCTRL): 1 instance 
  RAM16X1S => RAM32X1S (RAMS32): 32 instances
  RAM32M16 => RAM32M16 (RAMD32(x14), RAMS32(x2)): 2 instances
  RAM32X1S => RAM32X1S (RAMS32): 16 instances

17 Infos, 0 Warnings, 0 Critical Warnings and 0 Errors encountered.
link_design completed successfully
link_design: Time (s): cpu = 00:00:30 ; elapsed = 00:00:22 . Memory (MB): peak = 2514.707 ; gain = 2011.453
Command: opt_design
Attempting to get a license for feature 'Implementation' and/or device 'xczu15eg'
INFO: [Common 17-349] Got license for feature 'Implementation' and/or device 'xczu15eg'
Running DRC as a precondition to command opt_design

Starting DRC Task
INFO: [DRC 23-27] Running DRC with 32 threads
INFO: [Project 1-461] DRC finished with 0 Errors
INFO: [Project 1-462] Please refer to the DRC report (report_drc) for more information.

Time (s): cpu = 00:00:02 ; elapsed = 00:00:00.519 . Memory (MB): peak = 2709.750 ; gain = 195.043

Starting Cache Timing Information Task
INFO: [Timing 38-35] Done setting XDC timing constraints.
Ending Cache Timing Information Task | Checksum: 2e7ae8337

Time (s): cpu = 00:00:06 ; elapsed = 00:00:00.853 . Memory (MB): peak = 2709.750 ; gain = 0.000

Starting Logic Optimization Task

Phase 1 Initialization

Phase 1.1 Core Generation And Design Setup
Phase 1.1 Core Generation And Design Setup | Checksum: 2e7ae8337

Time (s): cpu = 00:00:00 ; elapsed = 00:00:00.017 . Memory (MB): peak = 2937.672 ; gain = 0.000

Phase 1.2 Setup Constraints And Sort Netlist
Phase 1.2 Setup Constraints And Sort Netlist | Checksum: 2e7ae8337

Time (s): cpu = 00:00:00 ; elapsed = 00:00:00.032 . Memory (MB): peak = 2937.672 ; gain = 0.000
Phase 1 Initialization | Checksum: 2e7ae8337

Time (s): cpu = 00:00:00 ; elapsed = 00:00:00.034 . Memory (MB): peak = 2937.672 ; gain = 0.000

Phase 2 Timer Update And Timing Data Collection

Phase 2.1 Timer Update
Phase 2.1 Timer Update | Checksum: 2e7ae8337

Time (s): cpu = 00:00:03 ; elapsed = 00:00:00.342 . Memory (MB): peak = 2937.672 ; gain = 0.000

Phase 2.2 Timing Data Collection
Phase 2.2 Timing Data Collection | Checksum: 2e7ae8337

Time (s): cpu = 00:00:03 ; elapsed = 00:00:00.405 . Memory (MB): peak = 2937.672 ; gain = 0.000
Phase 2 Timer Update And Timing Data Collection | Checksum: 2e7ae8337

Time (s): cpu = 00:00:03 ; elapsed = 00:00:00.407 . Memory (MB): peak = 2937.672 ; gain = 0.000

Phase 3 Retarget
INFO: [Opt 31-1851] Number of loadless carry chains removed were: 0
INFO: [Opt 31-1834] Total Chains To Be Transformed Were: 0 AND Number of Transformed insts Created are: 0
INFO: [Opt 31-1566] Pulled 9 inverters resulting in an inversion of 24 pins
INFO: [Opt 31-138] Pushed 8 inverter(s) to 68 load pin(s).
INFO: [Opt 31-49] Retargeted 0 cell(s).
Phase 3 Retarget | Checksum: 2e40dd1f8

Time (s): cpu = 00:00:05 ; elapsed = 00:00:00.855 . Memory (MB): peak = 2937.672 ; gain = 0.000
Retarget | Checksum: 2e40dd1f8
INFO: [Opt 31-389] Phase Retarget created 7 cells and removed 34 cells
INFO: [Opt 31-1021] In phase Retarget, 31 netlist objects are constrained preventing optimization. Please run opt_design with -debug_log to get more detail. 

Phase 4 Constant propagation
INFO: [Opt 31-138] Pushed 0 inverter(s) to 0 load pin(s).
Phase 4 Constant propagation | Checksum: 2db6f8671

Time (s): cpu = 00:00:05 ; elapsed = 00:00:00.970 . Memory (MB): peak = 2937.672 ; gain = 0.000
Constant propagation | Checksum: 2db6f8671
INFO: [Opt 31-389] Phase Constant propagation created 6 cells and removed 20 cells
INFO: [Opt 31-1021] In phase Constant propagation, 12 netlist objects are constrained preventing optimization. Please run opt_design with -debug_log to get more detail. 

Phase 5 Sweep
INFO: [Constraints 18-11670] Building netlist checker database with flags, 0x8
Done building netlist checker database: Time (s): cpu = 00:00:00 ; elapsed = 00:00:00.006 . Memory (MB): peak = 2937.672 ; gain = 0.000
INFO: [Constraints 18-11670] Building netlist checker database with flags, 0x8
Done building netlist checker database: Time (s): cpu = 00:00:00 ; elapsed = 00:00:00.006 . Memory (MB): peak = 2937.672 ; gain = 0.000
Phase 5 Sweep | Checksum: 29c89c8ec

Time (s): cpu = 00:00:06 ; elapsed = 00:00:01 . Memory (MB): peak = 2937.672 ; gain = 0.000
Sweep | Checksum: 29c89c8ec
INFO: [Opt 31-389] Phase Sweep created 0 cells and removed 217 cells
INFO: [Opt 31-1021] In phase Sweep, 180 netlist objects are constrained preventing optimization. Please run opt_design with -debug_log to get more detail. 

Phase 6 BUFG optimization
INFO: [Opt 31-1077] Phase BUFG optimization inserted 0 global clock buffer(s) for CLOCK_LOW_FANOUT.
Phase 6 BUFG optimization | Checksum: 29c89c8ec

Time (s): cpu = 00:00:06 ; elapsed = 00:00:02 . Memory (MB): peak = 2937.672 ; gain = 0.000
BUFG optimization | Checksum: 29c89c8ec
INFO: [Opt 31-662] Phase BUFG optimization created 0 cells of which 0 are BUFGs and removed 0 cells.

Phase 7 Shift Register Optimization
INFO: [Opt 31-1064] SRL Remap converted 0 SRLs to 0 registers and converted 0 registers of register chains to 0 SRLs
Phase 7 Shift Register Optimization | Checksum: 29c89c8ec

Time (s): cpu = 00:00:06 ; elapsed = 00:00:02 . Memory (MB): peak = 2937.672 ; gain = 0.000
Shift Register Optimization | Checksum: 29c89c8ec
INFO: [Opt 31-389] Phase Shift Register Optimization created 0 cells and removed 0 cells

Phase 8 Post Processing Netlist
Phase 8 Post Processing Netlist | Checksum: 29c89c8ec

Time (s): cpu = 00:00:06 ; elapsed = 00:00:02 . Memory (MB): peak = 2937.672 ; gain = 0.000
Post Processing Netlist | Checksum: 29c89c8ec
INFO: [Opt 31-389] Phase Post Processing Netlist created 0 cells and removed 0 cells
INFO: [Opt 31-1021] In phase Post Processing Netlist, 12 netlist objects are constrained preventing optimization. Please run opt_design with -debug_log to get more detail. 

Phase 9 Finalization

Phase 9.1 Finalizing Design Cores and Updating Shapes
Phase 9.1 Finalizing Design Cores and Updating Shapes | Checksum: 3b1fcaf45

Time (s): cpu = 00:00:07 ; elapsed = 00:00:02 . Memory (MB): peak = 2937.672 ; gain = 0.000

Phase 9.2 Verifying Netlist Connectivity

Starting Connectivity Check Task

Time (s): cpu = 00:00:00 ; elapsed = 00:00:00.059 . Memory (MB): peak = 2937.672 ; gain = 0.000
Phase 9.2 Verifying Netlist Connectivity | Checksum: 3b1fcaf45

Time (s): cpu = 00:00:07 ; elapsed = 00:00:02 . Memory (MB): peak = 2937.672 ; gain = 0.000
Phase 9 Finalization | Checksum: 3b1fcaf45

Time (s): cpu = 00:00:07 ; elapsed = 00:00:02 . Memory (MB): peak = 2937.672 ; gain = 0.000
Opt_design Change Summary
=========================


-------------------------------------------------------------------------------------------------------------------------
|  Phase                        |  #Cells created  |  #Cells Removed  |  #Constrained objects preventing optimizations  |
-------------------------------------------------------------------------------------------------------------------------
|  Retarget                     |               7  |              34  |                                             31  |
|  Constant propagation         |               6  |              20  |                                             12  |
|  Sweep                        |               0  |             217  |                                            180  |
|  BUFG optimization            |               0  |               0  |                                              0  |
|  Shift Register Optimization  |               0  |               0  |                                              0  |
|  Post Processing Netlist      |               0  |               0  |                                             12  |
-------------------------------------------------------------------------------------------------------------------------


Ending Logic Optimization Task | Checksum: 3b1fcaf45

Time (s): cpu = 00:00:07 ; elapsed = 00:00:02 . Memory (MB): peak = 2937.672 ; gain = 0.000

Starting Power Optimization Task
INFO: [Pwropt 34-132] Skipping clock gating for clocks with a period < 2.00 ns.
INFO: [Timing 38-35] Done setting XDC timing constraints.
INFO: [Pwropt 34-9] Applying IDT optimizations ...
INFO: [Pwropt 34-10] Applying ODC optimizations ...
Running Vector-less Activity Propagation...

Finished Running Vector-less Activity Propagation


Starting PowerOpt Patch Enables Task
INFO: [Pwropt 34-162] WRITE_MODE attribute of 4 BRAM(s) out of a total of 521 has been updated to save power. Run report_power_opt to get a complete listing of the BRAMs updated.
INFO: [Timing 38-35] Done setting XDC timing constraints.
INFO: [Pwropt 34-201] Structural ODC has moved 519 WE to EN ports
Number of BRAM Ports augmented: 4 newly gated: 967 Total Ports: 1042
Ending PowerOpt Patch Enables Task | Checksum: 2bf14da6a

Time (s): cpu = 00:00:08 ; elapsed = 00:00:04 . Memory (MB): peak = 4832.137 ; gain = 0.000
Ending Power Optimization Task | Checksum: 2bf14da6a

Time (s): cpu = 00:01:32 ; elapsed = 00:00:34 . Memory (MB): peak = 4832.137 ; gain = 1894.465

Starting Final Cleanup Task
Ending Final Cleanup Task | Checksum: 2bf14da6a

Time (s): cpu = 00:00:00 ; elapsed = 00:00:00.003 . Memory (MB): peak = 4832.137 ; gain = 0.000

Starting Netlist Obfuscation Task
Netlist sorting complete. Time (s): cpu = 00:00:00 ; elapsed = 00:00:00.116 . Memory (MB): peak = 4832.137 ; gain = 0.000
Ending Netlist Obfuscation Task | Checksum: 2e848855c

Time (s): cpu = 00:00:00 ; elapsed = 00:00:00.791 . Memory (MB): peak = 4832.137 ; gain = 0.000
INFO: [Common 17-83] Releasing license: Implementation
50 Infos, 0 Warnings, 0 Critical Warnings and 0 Errors encountered.
opt_design completed successfully
opt_design: Time (s): cpu = 00:01:49 ; elapsed = 00:00:40 . Memory (MB): peak = 4832.137 ; gain = 2317.430
INFO: [Vivado 12-24828] Executing command : report_drc -file fec_rx_fpga_top_drc_opted.rpt -pb fec_rx_fpga_top_drc_opted.pb -rpx fec_rx_fpga_top_drc_opted.rpx
Command: report_drc -file fec_rx_fpga_top_drc_opted.rpt -pb fec_rx_fpga_top_drc_opted.pb -rpx fec_rx_fpga_top_drc_opted.rpx
INFO: [IP_Flow 19-1839] IP Catalog is up to date.
INFO: [DRC 23-27] Running DRC with 32 threads
INFO: [Vivado_Tcl 2-168] The results of DRC are in file C:/Users/PC/Desktop/fec_verf/prj/fec_lasercom/fec_lasercom.runs/impl_rx/fec_rx_fpga_top_drc_opted.rpt.
report_drc completed successfully
INFO: [Timing 38-35] Done setting XDC timing constraints.
INFO: [Timing 38-480] Writing timing data to binary archive.
Wrote PlaceDB: Time (s): cpu = 00:00:01 ; elapsed = 00:00:00.005 . Memory (MB): peak = 4832.137 ; gain = 0.000
Wrote PulsedLatchDB: Time (s): cpu = 00:00:00 ; elapsed = 00:00:00 . Memory (MB): peak = 4832.137 ; gain = 0.000
Writing XDEF routing.
Write ShapeDB Complete: Time (s): cpu = 00:00:01 ; elapsed = 00:00:00.031 . Memory (MB): peak = 4832.137 ; gain = 0.000
Writing XDEF routing logical nets.
Writing XDEF routing special nets.
Wrote RouteStorage: Time (s): cpu = 00:00:00 ; elapsed = 00:00:00.051 . Memory (MB): peak = 4832.137 ; gain = 0.000
Wrote Netlist Cache: Time (s): cpu = 00:00:00 ; elapsed = 00:00:00 . Memory (MB): peak = 4832.137 ; gain = 0.000
Wrote Device Cache: Time (s): cpu = 00:00:00 ; elapsed = 00:00:00.016 . Memory (MB): peak = 4832.137 ; gain = 0.000
Write Physdb Complete: Time (s): cpu = 00:00:01 ; elapsed = 00:00:00.077 . Memory (MB): peak = 4832.137 ; gain = 0.000
INFO: [Common 17-1381] The checkpoint 'C:/Users/PC/Desktop/fec_verf/prj/fec_lasercom/fec_lasercom.runs/impl_rx/fec_rx_fpga_top_opt.dcp' has been generated.
Command: place_design
Attempting to get a license for feature 'Implementation' and/or device 'xczu15eg'
INFO: [Common 17-349] Got license for feature 'Implementation' and/or device 'xczu15eg'
INFO: [Common 17-83] Releasing license: Implementation
INFO: [DRC 23-27] Running DRC with 32 threads
INFO: [Vivado_Tcl 4-198] DRC finished with 0 Errors
INFO: [Vivado_Tcl 4-199] Please refer to the DRC report (report_drc) for more information.
Running DRC as a precondition to command place_design
INFO: [DRC 23-27] Running DRC with 32 threads
INFO: [Vivado_Tcl 4-198] DRC finished with 0 Errors
INFO: [Vivado_Tcl 4-199] Please refer to the DRC report (report_drc) for more information.
INFO: [Place 30-611] Multithreading enabled for place_design using a maximum of 32 CPUs

Starting Placer Task

Phase 1 Placer Initialization

Phase 1.1 Placer Initialization Netlist Sorting
Netlist sorting complete. Time (s): cpu = 00:00:00 ; elapsed = 00:00:00.011 . Memory (MB): peak = 4832.137 ; gain = 0.000
Phase 1.1 Placer Initialization Netlist Sorting | Checksum: 25a470a76

Time (s): cpu = 00:00:00 ; elapsed = 00:00:00.016 . Memory (MB): peak = 4832.137 ; gain = 0.000
Netlist sorting complete. Time (s): cpu = 00:00:00 ; elapsed = 00:00:00.009 . Memory (MB): peak = 4832.137 ; gain = 0.000

Phase 1.2 IO Placement/ Clock Placement/ Build Placer Device
Phase 1.2 IO Placement/ Clock Placement/ Build Placer Device | Checksum: 2268a7d3e

Time (s): cpu = 00:00:04 ; elapsed = 00:00:01 . Memory (MB): peak = 4832.137 ; gain = 0.000

Phase 1.3 Build Placer Netlist Model
Phase 1.3 Build Placer Netlist Model | Checksum: 2e7ba47f1

Time (s): cpu = 00:00:20 ; elapsed = 00:00:06 . Memory (MB): peak = 4832.137 ; gain = 0.000

Phase 1.4 Constrain Clocks/Macros
Phase 1.4 Constrain Clocks/Macros | Checksum: 2e7ba47f1

Time (s): cpu = 00:00:20 ; elapsed = 00:00:06 . Memory (MB): peak = 4832.137 ; gain = 0.000
Phase 1 Placer Initialization | Checksum: 2e7ba47f1

Time (s): cpu = 00:00:20 ; elapsed = 00:00:07 . Memory (MB): peak = 4832.137 ; gain = 0.000

Phase 2 Global Placement

Phase 2.1 Floorplanning

Phase 2.1.1 Partition Driven Placement

Phase 2.1.1.1 PBP: Partition Driven Placement
Phase 2.1.1.1 PBP: Partition Driven Placement | Checksum: 287978247

Time (s): cpu = 00:00:39 ; elapsed = 00:00:12 . Memory (MB): peak = 4832.137 ; gain = 0.000

Phase 2.1.1.2 PBP: Clock Region Placement
INFO: [Place 30-3162] Check ILP status : ILP-based clock placer completed successfully.
Phase 2.1.1.2 PBP: Clock Region Placement | Checksum: 29264fd22

Time (s): cpu = 00:00:39 ; elapsed = 00:00:13 . Memory (MB): peak = 4832.137 ; gain = 0.000

Phase 2.1.1.3 PBP: Discrete Incremental
Phase 2.1.1.3 PBP: Discrete Incremental | Checksum: 2bf215188

Time (s): cpu = 00:00:40 ; elapsed = 00:00:13 . Memory (MB): peak = 4832.137 ; gain = 0.000

Phase 2.1.1.4 PBP: Compute Congestion
Phase 2.1.1.4 PBP: Compute Congestion | Checksum: 2bf215188

Time (s): cpu = 00:00:54 ; elapsed = 00:00:17 . Memory (MB): peak = 4832.137 ; gain = 0.000

Phase 2.1.1.5 PBP: Macro Placement
Phase 2.1.1.5 PBP: Macro Placement | Checksum: 2b7f2a96c

Time (s): cpu = 00:00:56 ; elapsed = 00:00:19 . Memory (MB): peak = 4832.137 ; gain = 0.000

Phase 2.1.1.6 PBP: UpdateTiming
Phase 2.1.1.6 PBP: UpdateTiming | Checksum: 3236857e4

Time (s): cpu = 00:01:01 ; elapsed = 00:00:20 . Memory (MB): peak = 4832.137 ; gain = 0.000

Phase 2.1.1.7 PBP: Add part constraints
Phase 2.1.1.7 PBP: Add part constraints | Checksum: 3236857e4

Time (s): cpu = 00:01:01 ; elapsed = 00:00:20 . Memory (MB): peak = 4832.137 ; gain = 0.000
Phase 2.1.1 Partition Driven Placement | Checksum: 3236857e4

Time (s): cpu = 00:01:01 ; elapsed = 00:00:20 . Memory (MB): peak = 4832.137 ; gain = 0.000
Phase 2.1 Floorplanning | Checksum: 3a78556cd

Time (s): cpu = 00:01:01 ; elapsed = 00:00:20 . Memory (MB): peak = 4832.137 ; gain = 0.000

Phase 2.2 Update Timing before SLR Path Opt
Phase 2.2 Update Timing before SLR Path Opt | Checksum: 3a78556cd

Time (s): cpu = 00:01:01 ; elapsed = 00:00:20 . Memory (MB): peak = 4832.137 ; gain = 0.000

Phase 2.3 Post-Processing in Floorplanning
Phase 2.3 Post-Processing in Floorplanning | Checksum: 3a78556cd

Time (s): cpu = 00:01:02 ; elapsed = 00:00:20 . Memory (MB): peak = 4832.137 ; gain = 0.000

Phase 2.4 Global Place Phase1
Phase 2.4 Global Place Phase1 | Checksum: 2fe7e40b9

Time (s): cpu = 00:03:43 ; elapsed = 00:01:05 . Memory (MB): peak = 5098.262 ; gain = 266.125

Phase 2.5 Global Place Phase2

Phase 2.5.1 UpdateTiming Before Physical Synthesis
Phase 2.5.1 UpdateTiming Before Physical Synthesis | Checksum: 31927cb00

Time (s): cpu = 00:03:48 ; elapsed = 00:01:07 . Memory (MB): peak = 5098.262 ; gain = 266.125

Phase 2.5.2 Physical Synthesis In Placer
INFO: [Physopt 32-1035] Found 0 LUTNM shape to break, 1210 LUT instances to create LUTNM shape
INFO: [Physopt 32-1044] Break lutnm for timing: one critical 0, two critical 0, total 0, new lutff created 0
INFO: [Physopt 32-1138] End 1 Pass. Optimized 530 nets or LUTs. Breaked 0 LUT, combined 530 existing LUTs and moved 0 existing LUT
INFO: [Physopt 32-1030] Pass 1. Identified 37 candidate driver sets for equivalent driver rewiring.
INFO: [Physopt 32-661] Optimized 30 nets.  Re-placed 180 instances.
INFO: [Physopt 32-775] End 1 Pass. Optimized 30 nets or cells. Created 0 new cell, deleted 0 existing cell and moved 180 existing cells
Netlist sorting complete. Time (s): cpu = 00:00:00 ; elapsed = 00:00:00.081 . Memory (MB): peak = 5098.262 ; gain = 0.000
INFO: [Physopt 32-65] No nets found for high-fanout optimization.
INFO: [Physopt 32-232] Optimized 0 net. Created 0 new instance.
INFO: [Physopt 32-775] End 1 Pass. Optimized 0 net or cell. Created 0 new cell, deleted 0 existing cell and moved 0 existing cell
INFO: [Physopt 32-670] No setup violation found.  DSP Register Optimization was not performed.
INFO: [Physopt 32-670] No setup violation found.  Shift Register to Pipeline Optimization was not performed.
INFO: [Physopt 32-670] No setup violation found.  Shift Register Optimization was not performed.
INFO: [Physopt 32-670] No setup violation found.  BRAM Register Optimization was not performed.
INFO: [Physopt 32-670] No setup violation found.  URAM Register Optimization was not performed.
INFO: [Physopt 32-949] No candidate nets found for dynamic/static region interface net replication
INFO: [Physopt 32-775] End 1 Pass. Optimized 0 net or cell. Created 0 new cell, deleted 0 existing cell and moved 0 existing cell
Netlist sorting complete. Time (s): cpu = 00:00:00 ; elapsed = 00:00:00.020 . Memory (MB): peak = 5098.262 ; gain = 0.000

Summary of Physical Synthesis Optimizations
============================================


-----------------------------------------------------------------------------------------------------------------------------------------------------------
|  Optimization                                     |  Added Cells  |  Removed Cells  |  Optimized Cells/Nets  |  Dont Touch  |  Iterations  |  Elapsed   |
-----------------------------------------------------------------------------------------------------------------------------------------------------------
|  LUT Combining                                    |            0  |            530  |                   530  |           0  |           1  |  00:00:01  |
|  Retime                                           |            0  |              0  |                     0  |           0  |           1  |  00:00:00  |
|  Equivalent Driver Rewiring                       |            0  |              0  |                    30  |           0  |           1  |  00:00:03  |
|  Very High Fanout                                 |            0  |              0  |                     0  |           0  |           1  |  00:00:00  |
|  DSP Register                                     |            0  |              0  |                     0  |           0  |           0  |  00:00:00  |
|  Shift Register to Pipeline                       |            0  |              0  |                     0  |           0  |           0  |  00:00:00  |
|  Shift Register                                   |            0  |              0  |                     0  |           0  |           0  |  00:00:00  |
|  BRAM Register                                    |            0  |              0  |                     0  |           0  |           0  |  00:00:00  |
|  URAM Register                                    |            0  |              0  |                     0  |           0  |           0  |  00:00:00  |
|  Dynamic/Static Region Interface Net Replication  |            0  |              0  |                     0  |           0  |           1  |  00:00:00  |
|  Total                                            |            0  |            530  |                   560  |           0  |           5  |  00:00:04  |
-----------------------------------------------------------------------------------------------------------------------------------------------------------


Phase 2.5.2 Physical Synthesis In Placer | Checksum: 35038e0f5

Time (s): cpu = 00:03:59 ; elapsed = 00:01:16 . Memory (MB): peak = 5098.262 ; gain = 266.125
Phase 2.5 Global Place Phase2 | Checksum: 2bfe50203

Time (s): cpu = 00:04:20 ; elapsed = 00:01:22 . Memory (MB): peak = 5098.262 ; gain = 266.125
Phase 2 Global Placement | Checksum: 2bfe50203

Time (s): cpu = 00:04:20 ; elapsed = 00:01:22 . Memory (MB): peak = 5098.262 ; gain = 266.125

Phase 3 Detail Placement

Phase 3.1 Commit Multi Column Macros
Phase 3.1 Commit Multi Column Macros | Checksum: 2d67f5013

Time (s): cpu = 00:04:42 ; elapsed = 00:01:27 . Memory (MB): peak = 5098.262 ; gain = 266.125

Phase 3.2 Commit Most Macros & LUTRAMs
Phase 3.2 Commit Most Macros & LUTRAMs | Checksum: 2aa0a0a14

Time (s): cpu = 00:04:48 ; elapsed = 00:01:29 . Memory (MB): peak = 5098.262 ; gain = 266.125

Phase 3.3 Small Shape DP

Phase 3.3.1 Small Shape Clustering
Phase 3.3.1 Small Shape Clustering | Checksum: 283fa1aa2

Time (s): cpu = 00:05:22 ; elapsed = 00:01:38 . Memory (MB): peak = 5098.262 ; gain = 266.125

Phase 3.3.2 Slice Area Swap

Phase 3.3.2.1 Slice Area Swap Initial
Phase 3.3.2.1 Slice Area Swap Initial | Checksum: 320da7b9b

Time (s): cpu = 00:05:39 ; elapsed = 00:01:44 . Memory (MB): peak = 5098.262 ; gain = 266.125
Phase 3.3.2 Slice Area Swap | Checksum: 320da7b9b

Time (s): cpu = 00:05:40 ; elapsed = 00:01:44 . Memory (MB): peak = 5098.262 ; gain = 266.125
Phase 3.3 Small Shape DP | Checksum: 1e7f27350

Time (s): cpu = 00:06:18 ; elapsed = 00:01:55 . Memory (MB): peak = 5098.262 ; gain = 266.125

Phase 3.4 Re-assign LUT pins
Phase 3.4 Re-assign LUT pins | Checksum: 23a2d852b

Time (s): cpu = 00:06:19 ; elapsed = 00:01:56 . Memory (MB): peak = 5098.262 ; gain = 266.125

Phase 3.5 Pipeline Register Optimization
Phase 3.5 Pipeline Register Optimization | Checksum: 2934606e1

Time (s): cpu = 00:06:20 ; elapsed = 00:01:56 . Memory (MB): peak = 5098.262 ; gain = 266.125
Phase 3 Detail Placement | Checksum: 2934606e1

Time (s): cpu = 00:06:20 ; elapsed = 00:01:56 . Memory (MB): peak = 5098.262 ; gain = 266.125

Phase 4 Post Placement Optimization and Clean-Up

Phase 4.1 Post Commit Optimization
INFO: [Timing 38-35] Done setting XDC timing constraints.

Phase 4.1.1 Post Placement Optimization
Post Placement Optimization Initialization | Checksum: 2c3146cd2

Phase 4.1.1.1 BUFG Insertion

Starting Physical Synthesis Task

Phase 1 Physical Synthesis Initialization
INFO: [Physopt 32-721] Multithreading enabled for phys_opt_design using a maximum of 32 CPUs
INFO: [Physopt 32-619] Estimated Timing Summary | WNS=1.974 | TNS=0.000 |
Phase 1 Physical Synthesis Initialization | Checksum: 1e6adedb2

Time (s): cpu = 00:00:04 ; elapsed = 00:00:00.328 . Memory (MB): peak = 5098.262 ; gain = 0.000
INFO: [Place 46-56] BUFG insertion identified 0 candidate nets. Inserted BUFG: 0, Replicated BUFG Driver: 0, Skipped due to Placement/Routing Conflicts: 0, Skipped due to Timing Degradation: 0, Skipped due to netlist editing failed: 0.
Ending Physical Synthesis Task | Checksum: 2c62af931

Time (s): cpu = 00:00:06 ; elapsed = 00:00:00.675 . Memory (MB): peak = 5098.262 ; gain = 0.000
Phase 4.1.1.1 BUFG Insertion | Checksum: 2c3146cd2

Time (s): cpu = 00:07:13 ; elapsed = 00:02:06 . Memory (MB): peak = 5098.262 ; gain = 266.125

Phase 4.1.1.2 Post Placement Timing Optimization
INFO: [Place 30-746] Post Placement Timing Summary WNS=1.974. For the most accurate timing information please run report_timing.
Phase 4.1.1.2 Post Placement Timing Optimization | Checksum: 2c001e64a

Time (s): cpu = 00:07:14 ; elapsed = 00:02:06 . Memory (MB): peak = 5098.262 ; gain = 266.125

Time (s): cpu = 00:07:14 ; elapsed = 00:02:06 . Memory (MB): peak = 5098.262 ; gain = 266.125
Phase 4.1 Post Commit Optimization | Checksum: 2c001e64a

Time (s): cpu = 00:07:14 ; elapsed = 00:02:07 . Memory (MB): peak = 5098.262 ; gain = 266.125
Netlist sorting complete. Time (s): cpu = 00:00:00 ; elapsed = 00:00:00.011 . Memory (MB): peak = 5098.262 ; gain = 0.000

Phase 4.2 Post Placement Cleanup
Phase 4.2 Post Placement Cleanup | Checksum: 1ff713e77

Time (s): cpu = 00:07:35 ; elapsed = 00:02:15 . Memory (MB): peak = 5098.262 ; gain = 266.125

Phase 4.3 Placer Reporting

Phase 4.3.1 Print Estimated Congestion
INFO: [Place 30-612] Post-Placement Estimated Congestion 
 ________________________________________________________________________
|           | Global Congestion | Long Congestion   | Short Congestion  |
| Direction | Region Size       | Region Size       | Region Size       |
|___________|___________________|___________________|___________________|
|      North|                1x1|                1x1|                1x1|
|___________|___________________|___________________|___________________|
|      South|                1x1|                1x1|                1x1|
|___________|___________________|___________________|___________________|
|       East|                1x1|                1x1|                1x1|
|___________|___________________|___________________|___________________|
|       West|                1x1|                1x1|                1x1|
|___________|___________________|___________________|___________________|

Phase 4.3.1 Print Estimated Congestion | Checksum: 1ff713e77

Time (s): cpu = 00:07:36 ; elapsed = 00:02:15 . Memory (MB): peak = 5098.262 ; gain = 266.125
Phase 4.3 Placer Reporting | Checksum: 1ff713e77

Time (s): cpu = 00:07:36 ; elapsed = 00:02:15 . Memory (MB): peak = 5098.262 ; gain = 266.125

Phase 4.4 Final Placement Cleanup
Netlist sorting complete. Time (s): cpu = 00:00:00 ; elapsed = 00:00:00.059 . Memory (MB): peak = 5098.262 ; gain = 0.000

Time (s): cpu = 00:07:37 ; elapsed = 00:02:16 . Memory (MB): peak = 5098.262 ; gain = 266.125
Phase 4 Post Placement Optimization and Clean-Up | Checksum: 2cd058b6e

Time (s): cpu = 00:07:37 ; elapsed = 00:02:16 . Memory (MB): peak = 5098.262 ; gain = 266.125
Ending Placer Task | Checksum: 1e21762a7

Time (s): cpu = 00:07:38 ; elapsed = 00:02:16 . Memory (MB): peak = 5098.262 ; gain = 266.125
89 Infos, 0 Warnings, 0 Critical Warnings and 0 Errors encountered.
place_design completed successfully
place_design: Time (s): cpu = 00:07:45 ; elapsed = 00:02:17 . Memory (MB): peak = 5098.262 ; gain = 266.125
INFO: [Vivado 12-24838] Running report commands "report_control_sets, report_io, report_utilization" in parallel.
Running report generation with 3 threads.
INFO: [Vivado 12-24828] Executing command : report_io -file fec_rx_fpga_top_io_placed.rpt
report_io: Time (s): cpu = 00:00:00 ; elapsed = 00:00:00.104 . Memory (MB): peak = 5098.262 ; gain = 0.000
INFO: [Vivado 12-24828] Executing command : report_control_sets -verbose -file fec_rx_fpga_top_control_sets_placed.rpt
report_control_sets: Time (s): cpu = 00:00:00 ; elapsed = 00:00:00.138 . Memory (MB): peak = 5098.262 ; gain = 0.000
INFO: [Vivado 12-24828] Executing command : report_utilization -file fec_rx_fpga_top_utilization_placed.rpt -pb fec_rx_fpga_top_utilization_placed.pb
INFO: [Timing 38-480] Writing timing data to binary archive.
Write ShapeDB Complete: Time (s): cpu = 00:00:00 ; elapsed = 00:00:00.037 . Memory (MB): peak = 5098.262 ; gain = 0.000
Wrote PlaceDB: Time (s): cpu = 00:00:03 ; elapsed = 00:00:02 . Memory (MB): peak = 5098.262 ; gain = 0.000
Wrote PulsedLatchDB: Time (s): cpu = 00:00:00 ; elapsed = 00:00:00 . Memory (MB): peak = 5098.262 ; gain = 0.000
Writing XDEF routing.
Writing XDEF routing logical nets.
Writing XDEF routing special nets.
Wrote RouteStorage: Time (s): cpu = 00:00:00 ; elapsed = 00:00:00.048 . Memory (MB): peak = 5098.262 ; gain = 0.000
Wrote Netlist Cache: Time (s): cpu = 00:00:00 ; elapsed = 00:00:00.031 . Memory (MB): peak = 5098.262 ; gain = 0.000
Wrote Device Cache: Time (s): cpu = 00:00:00 ; elapsed = 00:00:00.012 . Memory (MB): peak = 5098.262 ; gain = 0.000
Write Physdb Complete: Time (s): cpu = 00:00:03 ; elapsed = 00:00:02 . Memory (MB): peak = 5098.262 ; gain = 0.000
INFO: [Common 17-1381] The checkpoint 'C:/Users/PC/Desktop/fec_verf/prj/fec_lasercom/fec_lasercom.runs/impl_rx/fec_rx_fpga_top_placed.dcp' has been generated.
Command: phys_opt_design
Attempting to get a license for feature 'Implementation' and/or device 'xczu15eg'
INFO: [Common 17-349] Got license for feature 'Implementation' and/or device 'xczu15eg'

Starting Initial Update Timing Task

Time (s): cpu = 00:00:18 ; elapsed = 00:00:03 . Memory (MB): peak = 5098.262 ; gain = 0.000
INFO: [Vivado_Tcl 4-2279] Estimated Timing Summary | WNS= 1.866 | TNS= 0.000 | 
INFO: [Vivado_Tcl 4-383] Design worst setup slack (WNS) is greater than or equal to 0.000 ns. All physical synthesis setup optimizations will be skipped.
INFO: [Vivado_Tcl 4-232] No setup violation found. The netlist was not modified.
INFO: [Common 17-83] Releasing license: Implementation
100 Infos, 0 Warnings, 0 Critical Warnings and 0 Errors encountered.
phys_opt_design completed successfully
INFO: [Timing 38-480] Writing timing data to binary archive.
Write ShapeDB Complete: Time (s): cpu = 00:00:00 ; elapsed = 00:00:00.041 . Memory (MB): peak = 5098.262 ; gain = 0.000
Wrote PlaceDB: Time (s): cpu = 00:00:04 ; elapsed = 00:00:02 . Memory (MB): peak = 5098.262 ; gain = 0.000
Wrote PulsedLatchDB: Time (s): cpu = 00:00:00 ; elapsed = 00:00:00 . Memory (MB): peak = 5098.262 ; gain = 0.000
Writing XDEF routing.
Writing XDEF routing logical nets.
Writing XDEF routing special nets.
Wrote RouteStorage: Time (s): cpu = 00:00:00 ; elapsed = 00:00:00.051 . Memory (MB): peak = 5098.262 ; gain = 0.000
Wrote Netlist Cache: Time (s): cpu = 00:00:00 ; elapsed = 00:00:00.037 . Memory (MB): peak = 5098.262 ; gain = 0.000
Wrote Device Cache: Time (s): cpu = 00:00:00 ; elapsed = 00:00:00.013 . Memory (MB): peak = 5098.262 ; gain = 0.000
Write Physdb Complete: Time (s): cpu = 00:00:04 ; elapsed = 00:00:02 . Memory (MB): peak = 5098.262 ; gain = 0.000
INFO: [Common 17-1381] The checkpoint 'C:/Users/PC/Desktop/fec_verf/prj/fec_lasercom/fec_lasercom.runs/impl_rx/fec_rx_fpga_top_physopt.dcp' has been generated.
Command: route_design
Attempting to get a license for feature 'Implementation' and/or device 'xczu15eg'
INFO: [Common 17-349] Got license for feature 'Implementation' and/or device 'xczu15eg'
INFO: [DRC 23-27] Running DRC with 32 threads
INFO: [Vivado_Tcl 4-198] DRC finished with 0 Errors
INFO: [Vivado_Tcl 4-199] Please refer to the DRC report (report_drc) for more information.


Starting Routing Task
INFO: [Route 35-254] Multithreading enabled for route_design using a maximum of 32 CPUs

Phase 1 Build RT Design
Checksum: PlaceDB: e409a96f ConstDB: 0 ShapeSum: d52a4fac RouteDB: 28e3698c
Nodegraph reading from file.  Time (s): cpu = 00:00:01 ; elapsed = 00:00:00.628 . Memory (MB): peak = 5098.262 ; gain = 0.000
Post Restoration Checksum: NetGraph: fff35f01 | NumContArr: cfe10819 | Constraints: a020fe99 | Timing: c2a8fa9d
Phase 1 Build RT Design | Checksum: 3329e6050

Time (s): cpu = 00:00:18 ; elapsed = 00:00:05 . Memory (MB): peak = 5098.262 ; gain = 0.000

Phase 2 Router Initialization

Phase 2.1 Fix Topology Constraints
Phase 2.1 Fix Topology Constraints | Checksum: 3329e6050

Time (s): cpu = 00:00:18 ; elapsed = 00:00:05 . Memory (MB): peak = 5098.262 ; gain = 0.000

Phase 2.2 Pre Route Cleanup
Phase 2.2 Pre Route Cleanup | Checksum: 3329e6050

Time (s): cpu = 00:00:18 ; elapsed = 00:00:05 . Memory (MB): peak = 5098.262 ; gain = 0.000

Phase 2.3 Global Clock Net Routing
 Number of Nodes with overlaps = 0
Phase 2.3 Global Clock Net Routing | Checksum: 2072e0f5c

Time (s): cpu = 00:00:22 ; elapsed = 00:00:07 . Memory (MB): peak = 6380.016 ; gain = 1281.754

Phase 2.4 Update Timing
Phase 2.4 Update Timing | Checksum: 2d55c3bd2

Time (s): cpu = 00:00:34 ; elapsed = 00:00:09 . Memory (MB): peak = 6380.016 ; gain = 1281.754
INFO: [Route 35-416] Intermediate Timing Summary | WNS=1.979  | TNS=0.000  | WHS=-0.865 | THS=-6.517 |


Phase 2.5 Update Timing for Bus Skew

Phase 2.5.1 Update Timing
Phase 2.5.1 Update Timing | Checksum: 2a02784bc

Time (s): cpu = 00:01:10 ; elapsed = 00:00:13 . Memory (MB): peak = 6380.016 ; gain = 1281.754
INFO: [Route 35-416] Intermediate Timing Summary | WNS=1.979  | TNS=0.000  | WHS=-1.354 | THS=-6.548 |

Phase 2.5 Update Timing for Bus Skew | Checksum: 2a02784bc

Time (s): cpu = 00:01:10 ; elapsed = 00:00:13 . Memory (MB): peak = 6380.016 ; gain = 1281.754

Router Utilization Summary
  Global Vertical Routing Utilization    = 8.9924e-05 %
  Global Horizontal Routing Utilization  = 3.35426e-05 %
  Routable Net Status*
  *Does not include unroutable nets such as driverless and loadless.
  Run report_route_status for detailed report.
  Number of Failed Nets               = 43413
    (Failed Nets is the sum of unrouted and partially routed nets)
  Number of Unrouted Nets             = 39220
  Number of Partially Routed Nets     = 4193
  Number of Node Overlaps             = 0

Phase 2 Router Initialization | Checksum: 2fbcda5fc

Time (s): cpu = 00:01:13 ; elapsed = 00:00:15 . Memory (MB): peak = 6567.754 ; gain = 1469.492

Phase 3 Global Routing
Phase 3 Global Routing | Checksum: 2fbcda5fc

Time (s): cpu = 00:01:13 ; elapsed = 00:00:15 . Memory (MB): peak = 6567.754 ; gain = 1469.492

Phase 4 Initial Routing

Phase 4.1 Initial Net Routing Pass
Phase 4.1 Initial Net Routing Pass | Checksum: 2a1ff5769

Time (s): cpu = 00:01:34 ; elapsed = 00:00:22 . Memory (MB): peak = 6567.754 ; gain = 1469.492
Phase 4 Initial Routing | Checksum: 228199d7f

Time (s): cpu = 00:01:35 ; elapsed = 00:00:22 . Memory (MB): peak = 6567.754 ; gain = 1469.492
INFO: [Route 35-580] Design has 1 pins with tight setup and hold constraints.

The top 5 pins with tight setup and hold constraints:

+======================+======================+====================+
| Launch Setup Clock   | Launch Hold Clock    | Pin                |
+======================+======================+====================+
| clk_out1_clk_wiz_sys | clk_out1_clk_wiz_sys | cdr_core_ff1_reg/D |
+----------------------+----------------------+--------------------+

File with complete list of pins: tight_setup_hold_pins.txt


Phase 5 Rip-up And Reroute

Phase 5.1 Global Iteration 0
 Number of Nodes with overlaps = 11049
 Number of Nodes with overlaps = 926
 Number of Nodes with overlaps = 96
 Number of Nodes with overlaps = 17
 Number of Nodes with overlaps = 5
 Number of Nodes with overlaps = 2
 Number of Nodes with overlaps = 0
INFO: [Route 35-416] Intermediate Timing Summary | WNS=0.170  | TNS=0.000  | WHS=-0.034 | THS=-0.034 |

Phase 5.1 Global Iteration 0 | Checksum: 283a6068b

Time (s): cpu = 00:02:59 ; elapsed = 00:01:00 . Memory (MB): peak = 6567.754 ; gain = 1469.492

Phase 5.2 Additional Iteration for Hold
Phase 5.2 Additional Iteration for Hold | Checksum: 1e58ca6be

Time (s): cpu = 00:03:00 ; elapsed = 00:01:00 . Memory (MB): peak = 6567.754 ; gain = 1469.492
Phase 5 Rip-up And Reroute | Checksum: 1e58ca6be

Time (s): cpu = 00:03:00 ; elapsed = 00:01:00 . Memory (MB): peak = 6567.754 ; gain = 1469.492

Phase 6 Delay and Skew Optimization

Phase 6.1 Delay CleanUp
INFO: [Route 35-416] Intermediate Timing Summary | WNS=0.006  | TNS=0.000  | WHS=0.015  | THS=0.000  |

INFO: [Route 35-416] Intermediate Timing Summary | WNS=0.006  | TNS=0.000  | WHS=0.015  | THS=0.000  |

Phase 6.1 Delay CleanUp | Checksum: 222ebdecf

Time (s): cpu = 00:03:13 ; elapsed = 00:01:05 . Memory (MB): peak = 6567.754 ; gain = 1469.492

Phase 6.2 Clock Skew Optimization
Phase 6.2 Clock Skew Optimization | Checksum: 222ebdecf

Time (s): cpu = 00:03:13 ; elapsed = 00:01:05 . Memory (MB): peak = 6567.754 ; gain = 1469.492
Phase 6 Delay and Skew Optimization | Checksum: 222ebdecf

Time (s): cpu = 00:03:13 ; elapsed = 00:01:05 . Memory (MB): peak = 6567.754 ; gain = 1469.492

Phase 7 Post Hold Fix

Phase 7.1 Hold Fix Iter
INFO: [Route 35-416] Intermediate Timing Summary | WNS=0.006  | TNS=0.000  | WHS=0.015  | THS=0.000  |

Phase 7.1 Hold Fix Iter | Checksum: 1ef923404

Time (s): cpu = 00:03:22 ; elapsed = 00:01:06 . Memory (MB): peak = 6567.754 ; gain = 1469.492
Phase 7 Post Hold Fix | Checksum: 1ef923404

Time (s): cpu = 00:03:22 ; elapsed = 00:01:06 . Memory (MB): peak = 6567.754 ; gain = 1469.492

Phase 8 Route finalize

Router Utilization Summary
  Global Vertical Routing Utilization    = 2.63882 %
  Global Horizontal Routing Utilization  = 2.40155 %
  Routable Net Status*
  *Does not include unroutable nets such as driverless and loadless.
  Run report_route_status for detailed report.
  Number of Failed Nets               = 0
    (Failed Nets is the sum of unrouted and partially routed nets)
  Number of Unrouted Nets             = 0
  Number of Partially Routed Nets     = 0
  Number of Node Overlaps             = 0

Phase 8 Route finalize | Checksum: 1ef923404

Time (s): cpu = 00:03:23 ; elapsed = 00:01:07 . Memory (MB): peak = 6567.754 ; gain = 1469.492

Phase 9 Verifying routed nets

 Verification completed successfully
Phase 9 Verifying routed nets | Checksum: 1ef923404

Time (s): cpu = 00:03:23 ; elapsed = 00:01:07 . Memory (MB): peak = 6567.754 ; gain = 1469.492

Phase 10 Depositing Routes
Phase 10 Depositing Routes | Checksum: 1ef923404

Time (s): cpu = 00:03:26 ; elapsed = 00:01:08 . Memory (MB): peak = 6567.754 ; gain = 1469.492

Phase 11 Resolve XTalk
Phase 11 Resolve XTalk | Checksum: 1ef923404

Time (s): cpu = 00:03:27 ; elapsed = 00:01:08 . Memory (MB): peak = 6567.754 ; gain = 1469.492

Phase 12 Post Process Routing
Phase 12 Post Process Routing | Checksum: 1ef923404

Time (s): cpu = 00:03:27 ; elapsed = 00:01:08 . Memory (MB): peak = 6567.754 ; gain = 1469.492

Phase 13 Post Router Timing
INFO: [Route 35-57] Estimated Timing Summary | WNS=0.006  | TNS=0.000  | WHS=0.015  | THS=0.000  |

INFO: [Route 35-327] The final timing numbers are based on the router estimated timing analysis. For a complete and accurate timing signoff, please run report_timing_summary.
Phase 13 Post Router Timing | Checksum: 1ef923404

Time (s): cpu = 00:03:27 ; elapsed = 00:01:08 . Memory (MB): peak = 6567.754 ; gain = 1469.492
Total Elapsed time in route_design: 68.052 secs

Phase 14 Post-Route Event Processing
Phase 14 Post-Route Event Processing | Checksum: 1bba16f0d

Time (s): cpu = 00:03:28 ; elapsed = 00:01:08 . Memory (MB): peak = 6567.754 ; gain = 1469.492
INFO: [Route 35-16] Router Completed Successfully
Ending Routing Task | Checksum: 1bba16f0d

Time (s): cpu = 00:03:28 ; elapsed = 00:01:08 . Memory (MB): peak = 6567.754 ; gain = 1469.492

Routing Is Done.
INFO: [Common 17-83] Releasing license: Implementation
118 Infos, 0 Warnings, 0 Critical Warnings and 0 Errors encountered.
route_design completed successfully
route_design: Time (s): cpu = 00:03:35 ; elapsed = 00:01:09 . Memory (MB): peak = 6567.754 ; gain = 1469.492
INFO: [Vivado 12-24828] Executing command : report_drc -file fec_rx_fpga_top_drc_routed.rpt -pb fec_rx_fpga_top_drc_routed.pb -rpx fec_rx_fpga_top_drc_routed.rpx
Command: report_drc -file fec_rx_fpga_top_drc_routed.rpt -pb fec_rx_fpga_top_drc_routed.pb -rpx fec_rx_fpga_top_drc_routed.rpx
INFO: [IP_Flow 19-1839] IP Catalog is up to date.
INFO: [DRC 23-27] Running DRC with 32 threads
INFO: [Vivado_Tcl 2-168] The results of DRC are in file C:/Users/PC/Desktop/fec_verf/prj/fec_lasercom/fec_lasercom.runs/impl_rx/fec_rx_fpga_top_drc_routed.rpt.
report_drc completed successfully
INFO: [Vivado 12-24828] Executing command : report_methodology -file fec_rx_fpga_top_methodology_drc_routed.rpt -pb fec_rx_fpga_top_methodology_drc_routed.pb -rpx fec_rx_fpga_top_methodology_drc_routed.rpx
Command: report_methodology -file fec_rx_fpga_top_methodology_drc_routed.rpt -pb fec_rx_fpga_top_methodology_drc_routed.pb -rpx fec_rx_fpga_top_methodology_drc_routed.rpx
INFO: [Timing 38-35] Done setting XDC timing constraints.
INFO: [DRC 23-133] Running Methodology with 32 threads
INFO: [Vivado_Tcl 2-1520] The results of Report Methodology are in file C:/Users/PC/Desktop/fec_verf/prj/fec_lasercom/fec_lasercom.runs/impl_rx/fec_rx_fpga_top_methodology_drc_routed.rpt.
report_methodology completed successfully
INFO: [Vivado 12-24828] Executing command : report_timing_summary -max_paths 10 -report_unconstrained -file fec_rx_fpga_top_timing_summary_routed.rpt -pb fec_rx_fpga_top_timing_summary_routed.pb -rpx fec_rx_fpga_top_timing_summary_routed.rpx -warn_on_violation 
INFO: [Timing 38-35] Done setting XDC timing constraints.
INFO: [Timing 38-91] UpdateTimingParams: Speed grade: -2, Temperature grade: I, Delay Type: min_max.
INFO: [Timing 38-191] Multithreading enabled for timing update using a maximum of 32 CPUs
WARNING: [Timing 38-436] There are set_bus_skew constraint(s) in this design. Please run report_bus_skew to ensure that bus skew requirements are met.
INFO: [Vivado 12-24838] Running report commands "report_incremental_reuse, report_route_status" in parallel.
Running report generation with 2 threads.
INFO: [Vivado 12-24828] Executing command : report_incremental_reuse -file fec_rx_fpga_top_incremental_reuse_routed.rpt
INFO: [Vivado_Tcl 4-1062] Incremental flow is disabled. No incremental reuse Info to report.
INFO: [Vivado 12-24828] Executing command : report_route_status -file fec_rx_fpga_top_route_status.rpt -pb fec_rx_fpga_top_route_status.pb
INFO: [Vivado 12-24828] Executing command : report_power -file fec_rx_fpga_top_power_routed.rpt -pb fec_rx_fpga_top_power_summary_routed.pb -rpx fec_rx_fpga_top_power_routed.rpx
Command: report_power -file fec_rx_fpga_top_power_routed.rpt -pb fec_rx_fpga_top_power_summary_routed.pb -rpx fec_rx_fpga_top_power_routed.rpx
Running Vector-less Activity Propagation...

Finished Running Vector-less Activity Propagation
WARNING: [Power 33-332] Found switching activity that implies high-fanout reset nets being asserted for excessive periods of time which may result in inaccurate power analysis.
Resolution: To review and fix problems, please run Power Constraints Advisor in the GUI from Tools > Power Constraints Advisor or run report_power with the -advisory option to generate a text report.
135 Infos, 2 Warnings, 0 Critical Warnings and 0 Errors encountered.
report_power completed successfully
report_power: Time (s): cpu = 00:00:59 ; elapsed = 00:00:17 . Memory (MB): peak = 6567.754 ; gain = 0.000
INFO: [Vivado 12-24828] Executing command : report_clock_utilization -file fec_rx_fpga_top_clock_utilization_routed.rpt
INFO: [Vivado 12-24828] Executing command : report_bus_skew -warn_on_violation -file fec_rx_fpga_top_bus_skew_routed.rpt -pb fec_rx_fpga_top_bus_skew_routed.pb -rpx fec_rx_fpga_top_bus_skew_routed.rpx
INFO: [Timing 38-91] UpdateTimingParams: Speed grade: -2, Temperature grade: I, Delay Type: min_max.
INFO: [Timing 38-191] Multithreading enabled for timing update using a maximum of 32 CPUs
generate_parallel_reports: Time (s): cpu = 00:02:15 ; elapsed = 00:00:26 . Memory (MB): peak = 6567.754 ; gain = 0.000
INFO: [Timing 38-480] Writing timing data to binary archive.
Write ShapeDB Complete: Time (s): cpu = 00:00:00 ; elapsed = 00:00:00.037 . Memory (MB): peak = 6567.754 ; gain = 0.000
Wrote PlaceDB: Time (s): cpu = 00:00:04 ; elapsed = 00:00:02 . Memory (MB): peak = 6567.754 ; gain = 0.000
Wrote PulsedLatchDB: Time (s): cpu = 00:00:00 ; elapsed = 00:00:00 . Memory (MB): peak = 6567.754 ; gain = 0.000
Writing XDEF routing.
Writing XDEF routing logical nets.
Writing XDEF routing special nets.
Wrote RouteStorage: Time (s): cpu = 00:00:01 ; elapsed = 00:00:00.344 . Memory (MB): peak = 6567.754 ; gain = 0.000
Wrote Netlist Cache: Time (s): cpu = 00:00:00 ; elapsed = 00:00:00.032 . Memory (MB): peak = 6567.754 ; gain = 0.000
Wrote Device Cache: Time (s): cpu = 00:00:00 ; elapsed = 00:00:00.013 . Memory (MB): peak = 6567.754 ; gain = 0.000
Write Physdb Complete: Time (s): cpu = 00:00:05 ; elapsed = 00:00:02 . Memory (MB): peak = 6567.754 ; gain = 0.000
INFO: [Common 17-1381] The checkpoint 'C:/Users/PC/Desktop/fec_verf/prj/fec_lasercom/fec_lasercom.runs/impl_rx/fec_rx_fpga_top_routed.dcp' has been generated.
Command: write_bitstream -force fec_rx_fpga_top.bit
Attempting to get a license for feature 'Implementation' and/or device 'xczu15eg'
INFO: [Common 17-349] Got license for feature 'Implementation' and/or device 'xczu15eg'
Running DRC as a precondition to command write_bitstream
INFO: [IP_Flow 19-1839] IP Catalog is up to date.
INFO: [DRC 23-27] Running DRC with 32 threads
INFO: [Vivado 12-3199] DRC finished with 0 Errors
INFO: [Vivado 12-3200] Please refer to the DRC report (report_drc) for more information.
INFO: [Designutils 20-2272] Running write_bitstream with 8 threads.
Loading data files...
Loading site data...
Loading route data...
Processing options...
Creating bitmap...
Creating bitstream...
Writing bitstream ./fec_rx_fpga_top.bit...
INFO: [Vivado 12-1842] Bitgen Completed Successfully.
INFO: [Common 17-83] Releasing license: Implementation
149 Infos, 2 Warnings, 0 Critical Warnings and 0 Errors encountered.
write_bitstream completed successfully
write_bitstream: Time (s): cpu = 00:00:52 ; elapsed = 00:00:14 . Memory (MB): peak = 6567.754 ; gain = 0.000
INFO: [Common 17-206] Exiting Vivado at Thu Jan 29 22:11:38 2026...
[Thu Jan 29 22:11:43 2026] impl_rx finished
wait_on_runs: Time (s): cpu = 00:00:02 ; elapsed = 00:02:01 . Memory (MB): peak = 2568.699 ; gain = 0.000
puts "--------------------------------------------------------"
--------------------------------------------------------
puts " 编译结束！开始导出 Bitstream..."
 编译结束！开始导出 Bitstream...
# 定义导出函数
proc export_bit {impl_run target_name} {
    set run_dir [get_property DIRECTORY [get_runs $impl_run]]
    set bit_files [glob -nocomplain -directory $run_dir *.bit]
    
    if {$bit_files != ""} {
        set src_bit [lindex $bit_files 0]
        set dst_bit "[pwd]/$target_name"
        file copy -force $src_bit $dst_bit
        puts " [成功] 已导出: $target_name"
    } else {
        puts " [失败] 在 $impl_run 中未找到 .bit 文件。"
    }
}
export_bit $tx_impl_run "tx_top.bit"
invalid command name "成功"
# 1. 找到 RX 的运行目录
set rx_dir [get_property DIRECTORY [get_runs impl_rx]]
C:/Users/PC/Desktop/fec_verf/prj/fec_lasercom/fec_lasercom.runs/impl_rx
# 2. 复制并改名 (自动找到里面的 .bit 文件)
file copy -force [glob -directory $rx_dir *.bit] ./rx_top.bit
puts "RX Bitstream 已补救导出！"
RX Bitstream 已补救导出！
set_property is_global_include false [get_files  C:/Users/PC/Desktop/fec_verf/prj/fec_lasercom/rtl/rs_Deinterleaver_xpm.v]
update_compile_order -fileset sources_1
exit
INFO: [Common 17-206] Exiting Vivado at Thu Jan 29 22:26:46 2026...
